name,address,phone,email,website
Dental Horizons,NJ,,,
Richard C. Genung. Family & Cosmetic Dentistry,NJ,,,
Dental Office,NJ,,,
Franklinville Family Dentistry,"Delsea Drive, Franklinville, NJ",1-856-694-5555,,
Sorina Dental Office,"Morris Avenue, NJ",,,
"David W. Paulussen, DMD","US Hwy 46 W, Hackettstown, NJ, 07840",+1 909 850 4200,,
Parkway Dental,"South Crescent Boulevard, Camden, NJ, 08105",,,
West Washington Family Dentistry,"East Washington Avenue, Washington, NJ, 07882",+1 908-835-0800,,https://www.westwashingtonfamilydentistry.com/
Bedminster Family & Cosmetic Dentistry - Dr. Mike Mavrostomos,"Robertson Drive, Bedminster, NJ, 07921",908-234-1401,,https://www.bedminsterdental.com/
Bayshore Family & Cosmetic Dentistry,"Maple Place, Keyport, NJ, 07735",(732) 264-1011,,
Family Dental - Dr. Ira Bauman,"East Front Street, Keyport, NJ, 07735",(732) 264-3865,,http://www.keyportdentist.com/
Kenilworth Dental Associates,"Boulevard, Kenilworth, NJ, 07033",,,
Family Dentist D.D.S.,NJ,,,
"Dr. Suzanne Grubowski, Family & Cosmetic Dentistry",NJ,,,
Hazlet Family Dental,"NJ 35, Hazlet Township, NJ, 07730",1-732-264-8004,,
Acorn Pediatric Dental,NJ,,,
Oakwood Dental,NJ,,,
Smile Central Dental,NJ,,,
Warren Torchinsky,"East Main Street, Maple Shade Township, NJ, 08052",,,
Dr Tyl,NJ,,,
Great Smiles of Elizabeth,"North Broad Street, NJ, 07208",(908) 352-7730,,
ABA Pediatric Dental,"Journal Square Plaza, Jersey City, NJ, 07306",+1 201 3860353,,http://dentalhealthcenter.com/
Unknown Dental Clinic,NJ,,,
Unknown Dental Clinic,NJ,,,
Unknown Dental Clinic,NJ,,,
Smiles,"Pittstown Road, Pittstown, NJ, 08867",,,
"Isaac Menasha, DDS","W. Saint Georges Avenue, Linden, NJ, 07036",1-908-486-8809,,https://imdentistry.com/
Smile Dental Center Of NJ PA,"Bergenline Avenue, North Bergen, NJ, 07047",1-201-861-4600,,http://smiledentalnjpa.com
True Dental Care for Kids & Teens,"Brunswick Street, Jersey City, NJ, 07302",1-201-565-880,help@pediatricdentalnj.com,http://www.pediatricdentalnj.com
Princeton Center for Dental Aesthetics and Implants,NJ,,,
Main St. Dental,NJ,,,
"Laura Randolph, DMD","North Franklin Turnpike, Ramsey, NJ, 07446",1-201-327-1976,dr.lauraannrandolph@gmail.com,https://www.drlaurarandolph.com/
Dental Associates,NJ,,,
Brickworks Dental,"Harding Highway, Mays Landing, NJ, 08330",,,
Rubino James M DMD,NJ,,,
Union City Oral Surgery Group,"33rd Street, Union City, NJ, 07087",1-201-601-9262,,https://www.unioncityoralsurgerygroup.com/
Marshall Kevin D DDS,"Mountainview Boulevard, Wayne, NJ, 07470",,,
Dr. A.W. Baghal Family Dentistry,"NJ-23, Wayne, NJ, 07470",,,
Spitzer Dental Design- Dentist Wayne NJ,"NJ-23, Wayne, NJ, 07470",,,
Advanced Dental Techniques,"Paterson-Hamburg Turnpike, Wayne, NJ, 07470",,,
Life Smile Dentistry,"Paterson-Hamburg Turnpike, Wayne, NJ, 07470",,,
"Burton, Alan M DMD","Paterson-Hamburg Turnpike, Wayne, NJ, 07470",,,
Dr. Hyon K. Yoo,"Paterson-Hamburg Turnpike, Wayne, NJ, 07470",,,
Singla Sandeep K DDS,"Paterson-Hamburg Turnpike, Wayne, NJ, 07470",,,
Wayne Family Orthodontics,"Paterson-Hamburg Turnpike, Wayne, NJ, 07470",,,
"Dr. Lori A. Vanderwende-Perrone, DMD","Paterson-Hamburg Turnpike, Wayne, NJ, 07470",,,
Dynamic Dental Arts,"Paterson-Hamburg Turnpike, Wayne, NJ, 07470",,,
Glow Dental Spa,"Paterson-Hamburg Turnpike, Wayne, NJ, 07470",,,
TK Dental,"Paterson-Hamburg Turnpike, Wayne, NJ, 07470",,,
TK Dental - Tatyana Kaminar DDS P.C.,"Paterson-Hamburg Turnpike, Wayne, NJ, 07470",,,
Avant Garde Dental Arts,"Paterson-Hamburg Turnpike, Wayne, NJ, 07470",,,
TDL Dental Laboratory,"Paterson-Hamburg Turnpike, Wayne, NJ, 07470",,,
Ivory Dental Center,"Paterson-Hamburg Turnpike, Wayne, NJ, 07470",,,
"Irfan Farhat, DDS","Paterson-Hamburg Turnpike, Wayne, NJ, 07470",,,
Dayspring & Macaluso,"Paterson-Hamburg Turnpike, Wayne, NJ, 07470",,,
Campbell Lillian,"Paterson-Hamburg Turnpike, Wayne, NJ, 07470",,,
JSC Dentistry / Frank J. Russo DMD,"Berdan Avenue, Wayne, NJ, 07470",,,
Hung Chung Y DDS,"Valley Road, Wayne, NJ, 07470",,,
North Jersey Endontics: Lubit Fredric A DDS,"Paterson-Hamburg Turnpike, Wayne, NJ, 07470",,,
Klele Luke T DMD,"Paterson-Hamburg Turnpike, Wayne, NJ, 07470",,,
Wayne Pediatric Dental Care,"Paterson-Hamburg Turnpike, Wayne, NJ, 07470",,,
"Dr. Heather K. Sculthorpe, DMD","Paterson-Hamburg Turnpike, Wayne, NJ, 07470",,,
Johnson Bryan D DDS,"Paterson-Hamburg Turnpike, Wayne, NJ, 07470",,,
Johnson Bryan D DMD: Wayne Pediatric Dental Care,"Paterson-Hamburg Turnpike, Wayne, NJ, 07470",,,
Wayne Pediatrics Dental Care: Chu Ken DDS,"Paterson-Hamburg Turnpike, Wayne, NJ, 07470",,,
Wayne Pediatrics Dental Care: Hovsky Julia DDS,"Paterson-Hamburg Turnpike, Wayne, NJ, 07470",,,
Di Taranto Dan P DDS,"Paterson-Hamburg Turnpike, Wayne, NJ, 07470",,,
Integrated Dental Aesthetics,"Keil Avenue, Kinnelon, NJ, 07405",1-973-838-4460,,https://www.doctorlogan.com/
Jacob Dental Center,"Kaighn Avenue, Camden, NJ, 08103",,,
Raritan Dental Care Inc,"W. Somerset Street, Raritan, NJ, 08869",,,
Park Avenue Gentle Dental: Dr. Harsha Patel DDS,"Park Avenue, Plainfield, NJ, 07060",1-908-756-1009,,https://www.harshagentledental.com/
Marini & Manci,NJ,+1 (201) 864-8510,,https://www.mariniandmanci.com/
RiteSmile Dental,NJ,,,
Brighter Dental,NJ,,,
Manville Dental Group,"Washington Avenue, Manville, NJ, 08835",,,
Branchburg Pediatric Dentistry,NJ,,,
Asen Jeffrey M DDS,NJ,,,
Branchburg Harmony Dental,NJ,,,
Steven Markowitz DDS,NJ,,,
Ram Dental Associates PA,NJ,,,
Dzemaludin Harba Family Dentistry,"West Midland Avenue, Paramus, NJ, 07652",2016701765,,
"Dental Group Of Morristown, LLC","Washington Street, NJ",,,
Life Ok Dental LLC,"Reynolds Avenue, Parsippany-Troy Hills Township, NJ, 07054",973-887-3000,,https://www.politedentalcare.net/
Elizabeth Dental Care,"Westfield Avenue, Elizabeth, NJ, 07208",+1 908-353-0900,,http://www.elizabethdentalcare.net
State Street Smiles,NJ,,,
DENTAL CENTER,NJ,,,
The Dentists LLC,"Palisade Avenue, Teaneck, NJ, 07666",+1 201-836-2720,,http://thedentistsllc.com
Mee Dental,NJ,2019479900,,
United Dental Group,NJ,,,
Unknown Dental Clinic,NJ,,,
Value Dental,NJ,,,
Unknown Dental Clinic,NJ,,,
Dr. Angela Aaron Dental,"Franklin Turnpike, Waldwick, NJ, 07463",,,
Teeth Tamers Orthodontics,"U.S. 9, #201, Englishtown, NJ, 07726",732-792-3581,,https://www.teethtamersortho.com/
Unknown Dental Clinic,NJ,,,
Glickman & Christensen Premier Dentistry,"Franklin Turnpike, Waldwick, NJ, 07463",,,
Thomas J. Giusto,NJ,,,
Dr. R. M. Brown Dentistry,NJ,,,
Bruzzichesi Orthodontics,NJ,,,
Schuster Family Orthodontics,NJ,,,
Bayside Dental,NJ,,,
"Ewa Awad, D.D.S.",NJ,,,
Cranford Smiles,NJ,908-272-0787,,
Blue Dental,NJ,,,
Thomas Pijanowski DMD,NJ,,,
Clear Smile,NJ,,,
Fanwood Dental Group,NJ,,,
Unique Family Dentistry,NJ,,,
Banker Dental Associates,"Elmora Avenue, Elizabeth, NJ, 07202",1-908-354-1490,,https://www.bankerdental.com/
Eastern Dental,NJ,,,
Gerstenfield Dental,NJ,,,
Hoboken Family Dental,NJ,,,
Family & Cosmetic Dentistry,NJ,,,
Dental Arts,"Washington Street, Hoboken, NJ, 07030",,,
S&L Dental,NJ,,,
Hoboken Orthodontics,NJ,,,
Modern Micro Endodontics,"Washington Street, Hoboken, NJ, 07030",,,
Dental Associates of Hoboken,NJ,,,
"Marian Farag, D.M.D.",NJ,,,
Periodontics & Implant Center,NJ,,,
Allwood Family Dentistry,NJ,,,
Eastern Dental - Manahawkin,NJ,,,
Neptune Family Dental,NJ,,,
Dental Care Hillsborough,NJ,,,
Amwell Dental,NJ,,,
Mountain View Dental Art & Implant Center,NJ,,,
Dental Arts Of Haddonfield,"Kings Highway West, Haddonfield, NJ, 08033",1-856-429-5622,dentalartshaddonfield@gmail.com,https://www.dentalartsofhaddonfield.com/
Montclair South Dental Associates,NJ,,,
Maya Fuchs,NJ,,,
Furie Periodontics & Implants,NJ,,,
Coastal Dental Group,"Bridge Avenue, Point Pleasant, NJ, 08742",(732) 714-1030,doczeke167@aol.com,https://coastaldentalnj.com/
Paramus Park Dental,NJ,,,
Dear Tooth Fairy,NJ,,,
Ho-Ho-Kus Dental Associates,"North Maple Avenue, NJ",,,
Somerset Dental Associates,"South Main Street, NJ",1-908-253-3660,,
Manville Family Dental,NJ,1-908-725-900,,
Smiles Unlimited Dental Center,"South Main Street, NJ",,,
A2Z Dental,NJ,1-9098-526-2224,,
Westfield Oral Surgery,"Lenox Avenue, Westfield, NJ, 07090",908-233-8088,westfieldoralsurgery@gmail.com,https://www.westfieldoralsurgery.com/
Pediatric Dental Associates,"South Maple Avenue, Ridgewood, NJ, 07450",1-201-652-7020,,https://pdaridgewood.com/
Teresa Oh,NJ,,,
Advanced Dental Care of Englewood,"North Dean Street, Englewood, NJ, 07631",(201) 579-6674,,https://miksadental.com/
Premier Arts Dental,"US 9, Freehold Township, NJ, 07728",1-732-702-2787,,https://www.premierartsdental.com/
Kurpis Center for Advanced Dentistry,NJ,,,
R.J. Taverna,NJ,,,
Unknown Dental Clinic,NJ,,,
DeMartino Advanced Cosmetic & Laser Dentistry,NJ,,,
Hillcrest Dental,NJ,,,
Richard L Lachenmayr & Associates,"3rd Avenue, Alpha, NJ, 08865",,,
Dr. James M. Fegan,NJ,,,
"Dr. John A. Fizer, DDS","Market Street, Trenton, NJ, 08608",,,
Capitol Smiles Dental,"South Warren Street, Trenton, NJ, 08608",,,
I Smile Dental,"North Broad Street, Trenton, NJ, 08608",,,
"Donald J. Miliner, DDS","West State Street, Trenton, NJ, 08618",,,
Cedar Grove Dental,"Cedar Grove Lane, Somerset, NJ, 08873",516-279-2922 ,Patientcare@thesmilist.com,https://www.cedargrovedental.com/
Modern Dental Vision,"North Olden Avenue, Trenton, NJ, 08638",,,
1100 Dental,"South Broad Street, Trenton, NJ, 08611",,,
Brodway Dental Arts,"Broadway, NJ",,,
Bright Star Sapphire,"Broadway, NJ",,,
"Morrone, Kaye, & Yucha Orthodontics",NJ,,,
Pompton Dental Arts,"Ringwood Avenue, Pompton Lakes, NJ, 07442",,,
"Shadi Vaghei, DMD","Hinchman Avenue, Wayne, NJ, 07470",,,
Smile Experience Orthodontics - Dr. Greg Rosenberg,"Hinchman Avenue, Wayne, NJ, 07470",,,
Piekarsky Orthodontic Associates,"Hinchman Avenue, Wayne, NJ, 07470",,,
Mini Dental Implant Solutions,"Hamburg Turnpike, Wayne, NJ, 07470",,,
"James Choe, D.D.S","Hamburg Turnpike, Wayne, NJ, 07470",,,
Smiling Faces Dental,"Washington Road, Parlin, NJ, 08859",732-257-2000,,https://www.smilingfacesdental.com
Ridge Family Dentistry,NJ,,,
Unknown Dental Clinic,NJ,,,
Dental Harmony of Hamilton,"Nottingham Way, Hamilton, NJ, 08690",16099817145,,
Brighter Dental,NJ,,,
Bayonne Smile Center,"Avenue C, Bayonne, NJ, 07305",,,
Terra Dental Center,NJ,+1 201 325 8900,,
Dr. Deepa Rupani DMD,"Ratzer Road, Wayne, NJ, 07470",,,
"Dr. Frank DiCicco, DMD","Ratzer Road, Wayne, NJ, 07470",,,
"Dr. Frank Ferrara, DMD","Ratzer Road, Wayne, NJ, 07470",,,
Grieder-Robert Melissa DDS,"Ratzer Road, Wayne, NJ, 07470",,,
Last John M DDS,"Ratzer Road, Wayne, NJ, 07470",,,
Medical Park Dentistry,"Ratzer Road, Wayne, NJ, 07470",,,
SEO Jason H DDS,"Ratzer Road, Wayne, NJ, 07470",,,
Wayne Smiles - Pediatric Dentistry of Wayne,"Ratzer Road, Wayne, NJ, 07470",,,
The Orthodontic Center Of Wayne - Dr. Sally Song,"Ratzer Road, Wayne, NJ, 07470",,,
"Dr. Harry A. Long, DMD","Ratzer Road, Wayne, NJ, 07470",,,
SmilePartnerz Dental Health Group-Dr. Frank DiCicco and Dr. Harry Long,"Ratzer Road, Wayne, NJ, 07470",,,
Caring Family Dental,"Valley Road, Wayne, NJ, 07470",,,
Fine Dental Care,"Valley Road, Wayne, NJ, 07470",,,
Schweighardt Lin,"Valley Road, Wayne, NJ, 07470",,,
Beachside Pediatric Dentistry,"Berkeley Avenue, Ocean Township, NJ, 07712",,,
Clifton Dental Associates,"Clifton Avenue, Clifton, NJ, 07013",1-973-779-1000,,https://cliftondental.com/
Dr Lesser,"Paterson-Hamburg Turnpike, Wayne, NJ, 07470",,,
Wayne Dental Care,"Paterson-Hamburg Turnpike, Wayne, NJ, 07470",,,
"Dr. Thomas M. Scorziello, DMD","Paterson-Hamburg Turnpike, Wayne, NJ, 07470",,,
Wayne Orthodontics - Smiles By Lorino,"Paterson-Hamburg Turnpike, Wayne, NJ, 07470",,,
Franklin Lakes Orthodontics,"Paterson-Hamburg Turnpike, Wayne, NJ, 07470",,,
Bogota Dental Center,"US 46, Totowa, NJ, 07512",1-973-298-5856,,https://www.bogotadentistry.com/location/nj/totowa
Madison Ave Dental,NJ,,,
Family Dentistry,"Beachwood Boulevard, Beachwood, NJ, 08722",,,
Parsippany Family Dental,"Route 46 West, Parsippany, NJ, 07054",1-973-263-1770,,
"Marc H. Berley, DMD","NJ-35, Ocean Township, NJ, 07712",+1 732-531-8020,,https://www.ocean-newjersey-dentist.com/
Designer Smile,"Paterson-Hamburg Turnpike, Wayne, NJ, 07470",,,
Family Dental-Medical Center,"Paterson-Hamburg Turnpike, Wayne, NJ, 07470",,,
Elite Orthodontics,"Berdan Avenue, Wayne, NJ, 07470",,,
Soder Dianna,"Berdan Avenue, Wayne, NJ, 07470",,,
Lupo Marie,"Berdan Avenue, Wayne, NJ, 07470",,,
Diane C Blau DMD,"Paterson-Hamburg Turnpike, Wayne, NJ, 07470",,,
NJ Root Canal,"Paterson-Hamburg Turnpike, Wayne, NJ, 07470",,,
Costello Oral Surgery Associates,"Paterson-Hamburg Turnpike, Wayne, NJ, 07470",,,
"Dr. Albert F. Kuchler Jr, DMD","Paterson-Hamburg Turnpike, Wayne, NJ, 07470",,,
North Jersey Oral Surgeons,"Paterson-Hamburg Turnpike, Wayne, NJ, 07470",,,
Chrystal Dental Care,"Paterson-Hamburg Turnpike, Wayne, NJ, 07470",,,
Al MDA PC,"NJ-23, Wayne, NJ, 07470",,,
Smile Li Dentistry LLC,NJ,,,
Unknown Dental Clinic,NJ,,,
Dental Health 360,NJ,,,
North Brunswick Family Dental & Orthodontics,NJ,,,
Unknown Dental Clinic,NJ,,,
A-1 Dental,NJ,,,
Dental Concepts,NJ,,,
"Joseph A. Battaglia, MS, D.M.D.","Paterson-Hamburg Turnpike, Wayne, NJ, 07470",,,
Dr. Lori Vanderwende-Bleeker DMD PA,"Paterson-Hamburg Turnpike, Wayne, NJ, 07470",,,
"Glow Dental Spa: Behshad Ahkami, DDS","Paterson-Hamburg Turnpike, Wayne, NJ, 07470",,,
Alexander Gerskowitz,"Paterson-Hamburg Turnpike, Wayne, NJ, 07470",,,
Dr. Dennis Rivera,"Paterson-Hamburg Turnpike, Wayne, NJ, 07470",,,
Artista Dental Studio Wayne New Jersey,"Paterson-Hamburg Turnpike, Wayne, NJ, 07470",,,
Tamaro Frank a DDS,"Paterson-Hamburg Turnpike, Wayne, NJ, 07470",,,
Lafayette Family Dental Care,NJ,,,
Hawthorne Dental Associates,"Lafayette Avenue, NJ",,,
Jager Dentistry,NJ,,,
Popeck Family Dentistry,"North Broadway, Pennsville, NJ",856-678-6393,,https://www.pennsvillecosmeticdentist.com/
Brunswick Dental Group,NJ,,,
Kadar Orthodontics,"Egg Harbor Road, Sewell, NJ, 08080",,,
Unknown Dental Clinic,"NJ-35, Holmdel Township, NJ, 07733",,,
Alllied Dental of Old Bridge,"US 9 South, Parlin, NJ, 08859",732-553-9393,,http://www.allieddentalofoldbridge.com/
Christie Mary,"Valley Road, Wayne, NJ, 07470",,,
"Sam Romano, D.M.D.",NJ,,,
Central Dentistry,NJ,,,
Madison Dentistry & Implant Center,"268 Main Street, Madison, NJ, 07940",973-822-8003_973-822-8006,frontdesk@madisondentistryllc.com_madisondentistryllc@gmail.com,https://madisondentistryllc.com/
Washington Dental Associates,"Legion Drive, Bergenfield, NJ, 07621",,,
Prestige Dental,"Clifton Avenue, NJ",1-973-828-8397,,
Bergenfield Dental Associates,"West Church Street, Bergenfield, NJ, 07621",1-201-384-100,Drshahid@bergenfielddental.com,https://www.bergenfielddental.com/
Dalin Family Dentistry,"NJ Route 70, Manchester, NJ, 08759",1-732-323-9800,,
Montclair Dental Spa,"Claremont Ave, Montclair, NJ, 07042",973-744-1527,,https://montclairdentalspanj.com
Barclay Family Dental,"Barclay Farms Shopping Center, Cherry Hill, NJ, 08034",1-856-288-3708,frontdesk@barclayfamilydental.com,https://www.barclayfamilydental.com/
Aspen Dental,NJ,,,
Brdigewater Dental Group,NJ,,,
The Laser Dental Group of Westfield,NJ,,,
New Jersey Dental Arts,"Broad Street, Bloomfield, NJ, 07003",19737437575,,https://www.newjerseydentalarts.com/
Community Dental of Salem,"South Broadway, Pennsville, NJ, 08070",(856) 759-8973,,https://www.communitydentalsalem.com/
Brookside Family Dental,"Hoover Avenue, Bloomfield, NJ, 07003",19735666161,,
Strong Roots Dental,"273 Newark Avenue, Jersey City, NJ 07302;938 Hudson street, Hoboken, NJ 07030",551-553-4277_551-288-0255,strongrootsdentaljc@gmail.com; strongrootsdentalhoboken@gmail.com,https://www.strongrootsdental.com/
S Dental & Specialties,"Essex Street, Rochelle Park, NJ, 07662",201-343-8888,,
VSN Dental PC,"Route 9 North, Manalapan, NJ, 07726",732-795-6073,,
Marlen Elite Dental Wellness,"Kinderkamack Road, Suite 306, River Edge, NJ, 07661",201-880-6736,,https://www.marlenelitedental.com/
Premiere Dental of West Deptford,"Jessup Road, West Deptford, NJ, 08086",+1 856-845-3299,wdeptford@premieredental.com,https://www.premieredental.com/west-deptford-nj/
Dental & Implant Center of Edgewater,"River Road, Edgewater, NJ, 07020",1-201-943-4000,,https://www.dentist-edgewater.com
Jersey City Dental Spa,"Montgomery Street, Jersey City, NJ, 07302",1-201-451-1600,,https://www.dentalnspa.com
Leonia Dental,"Broad Avenue, Leonia, NJ, 07605",,,
Mt Laurel Dental and Implant Center,"Union Mill Road, Mt Laurel Township, NJ, 08054",+1 856-778-0022,,https://www.mtlaureldental.com
Comprehensive Dentistry,"Route 138 W, Wall Township, NJ, 07719",+1 732-556-9600,smile@cosmeticnj.com,https://cosmeticandgeneraldentist.com/
Glamorous Smile Dental Spa,"NJ 66, Neptune City, NJ, 07753",1-732-588-8238,ayman_khourshed@yahoo.com,https://glamoroussmiledentalspa.com/
Basking Ridge Dental Group,NJ,,,
Clementon Family Dentistry,"White Horse Pike, Clementon, NJ, 08021",1-856-783-4949,,https://www.clementonfamilydentistry.com/
Amara Dental,NJ,,,
Peninsula Advanced Dentistry,"Main Street, Eatontown, NJ, 07724",732-542-2326,,http://www.peninsulaadvanceddentistry.com/
Tenbrook Orthodontics,"Swedesboro Road, Mullica Hill, NJ, 08062",877-764-5310,info@tenbrookortho.com,https://www.tenbrookorthodontics.com/
Complete Dental Works - Teaneck,"Fort Lee Rd, Teaneck, NJ, 07666",201-836-4400,,https://www.completedentalworks.com
Beam Dental,"Lincoln Highway, Edison, NJ, 08817",+1 732-372-0288,,https://www.mybeamdental.com/
Beam St,"Washington Street, Hoboken, NJ, 07030",,,https://www.beam-st.com/
InSmile Dentistry,"Georgetown Franklin Turnpike, Skillman, NJ, 08558",,,
Unknown Dental Clinic,NJ,,,
Corrie J Crowe DDS,"Springdale Road, Cherry Hill, NJ, 08003",+1 856-258-4025,,https://www.drcrowedentistry.com/
John J. Choi DDS,"Sylvan Avenue, Englewood Cliffs, NJ, 07632",1-201-660-7871,,https://www.renuperio.com/
Journal Square Dental,"1 Journal Square Plaza, Jersey City, NJ, 07306",1-201-656-2221,contact@journalsquaredental.com,https://www.journalsquaredental.com/
Dental Care of Hopewell Crossing,NJ,,,
Livy Dental,"Livingston Avenue, New Brunswick, NJ, 08901",1-732-296-1010,info@livydental.com,https://www.livydental.com/
Dentist Vineland - South Jersey Pediatric Dental,"South Main Road, Vineland, NJ, 08360",1-856-367-5234,,https://www.sjpdental.com
Westwood Village Dental,"Westwood Avenue, Westwood, NJ, 07675",1-201-594-9991,,https://westwoodvillagedentalnj.com
Cross Keys Family Dental,NJ,,,
Midtown Dental Group,"75 Montgomery St Ste 503, Jersey City, NJ 07302",201-639-3483,jerseycity@midtowndentalgroup.com,https://midtowndentalgroup.com/
Unknown Dental Clinic,NJ,,,
Riverpark Dental Howell,"4034 US-9, Howell Township, NJ, 07731",(732) 751-4028,riverparkdentalhowell@gmail.com,https://riverparkdentalhowell.com
Valley Dental,"East Broad Street, Hopewell, NJ, 08525",,,
Dental Specialists of New Jersey,"Pompton Avenue, Verona, NJ, 07044",1973-577-5905,info@dentalspecialistsofnj.com,https://dentalspecialistsofnj.com/locations/verona
Family Dentist,NJ,,,
Montclair Pediatric Dental Care,NJ,,,
Montclair Dental Center,"Bloomfield Avenue, NJ",,,
Smiles By Design!,"US-46, Budd Lake, NJ, 07828",(973) 691-8200,,
Greater Essex Dental,"Branford Place, Newark, NJ, 07102",973-524-6880,hello@greateressexdental.com,https://greateressexdental.com/
Paterson Family Dental,NJ,,,
My Orthodontist,NJ,,,
Gentle Dental Spa,NJ,,,
"Sonal Jain, DDS, PA",NJ,,,
Gentle Family Dentristy,"US-46, Budd Lake, NJ, 07828",+1 973-691-1200,,https://www.buddlakedental.com/
Advanced Smile Dentistry,NJ,,,
Stiles Dental,NJ,,,
Eastern Dental,"Route 37 West, NJ",,,
Atlantic Dental,NJ,,,
Omega Dental Clinic,NJ,,,
iSmile Dental Care,NJ,,,
Unknown Dental Clinic,NJ,,,
Itsy Bitsy Dental,NJ,,,
Unknown Dental Clinic,NJ,,,
Unknown Dental Clinic,NJ,,,
Unknown Dental Clinic,NJ,,,
Colts Neck Smiles - Dr. Dilini Peiris D.D.S.,"NJ-34, Colts Neck, NJ, 07722",,,
Elm Dental,"White Horse Pike, Hammondton, NJ, 08037",1-609-561-1121,,https://www.zdental.net/elm-dental-associates/
Elizabeth Oral Surgery Group,"N Broad St, #2C, Elizabeth, NJ, 07208",1-908-585-4990,contact@elizabethoralsurgerygroup.com,https://elizabethoralsurgerygroup.com/
Unknown Dental Clinic,NJ,,,
Laurence Breiterman,"Paterson-Hamburg Turnpike, Wayne, NJ, 07470",,,
Dr. Shoshana Sperling,"Berdan Avenue, Wayne, NJ, 07470",,,
JSC Dentistry,"Berdan Avenue, Wayne, NJ, 07470",,,
Eastern Dental,"Parkway Avenue, Ewing, NJ, 08628",,,
Mount Olive Family Dental,"Flanders - Bartley Road, Flanders, NJ, 07836",+1 973-584-5550,,https://www.flandersdentist.com/
Rand Center for Dentistry,"US 206, Flanders, NJ, 07836",+1 973-370-8917,frontdesk@RandDental.com,https://www.randdental.com/
Ocean Dental Care,NJ,,,
Advanced Dental Care Of Vernon,"Route 94, Vernon Township, NJ",1-973-209-4944,,https://www.zdental.net/advanced-dental-care-of-vernon/
Next Level Dental,"Avenue C, Bayonne, NJ, 07002",1-201-339-8019,,https://www.nextleveldentalnj.net
Prestige Dental,"Clifton Avenue, Clifton, NJ, 07013",1-862-777-9439,,https://drdoktorman.com/
Emergency Dentist of Hawthorne NJ,"Lafayette Avenue, Hawthorne, NJ, 07506",1-973-323-2235,,https://emergencydentisthawthornenj.com/
Cute Smile,"Summit Avenue, Hackensack, NJ, 07601",1-201-778-225,,https://cutesmilenj.com
Good Morning Dental,"Main Street, Hackensack, NJ, 07601",1-201-820-3600,,https://goodmorningdentalnj.com
Cranbury Dental Care,"Brier Hill Court, East Brunswick, NJ, 08816",1-732-390-9093,cranburydentalcare@gmail.com,https://cranburydentalcare.com/
Advanced Palmyra Dentistry,"West Broad Street, Palmyra, NJ, 08065",1-856-786-7117,apddental@gmail.com,https://advancedpalmyradentistry.com/
Beachwood Dental Arts,NJ,1-732-349-555,,
Unknown Dental Clinic,"Route 37 West, NJ",15-7325-657-9191,,
East Madison Dental,"Piermont Road, Tenafly, NJ, 07670",+1 201-735-1190,,https://www.emdental.com/tenafly-nj/
Smile Flossophy,"Princeton-Hightstown Road, West Windsor Township, NJ, 08550",1-609-862-222,,https://smileflossophy.com/
Frank R. DePaola DDS & Associates,"Maxwell Lane, Hoboken, NJ, 07030",1-201-792-9400,,https://thesmilist.com/hoboken-dentist/
Diamond Braces Orthodontist: Braces & Invisalign,"West Main Street, NJ",,,
Advanced Periodontics of New Jersey,NJ,+1 201 9407002,,https://advancedperionj.com/
Dental World,NJ,,,
Dentistry for Children,NJ,,,
Orthodontic Specialist PC,"Middlesex Avenue, Metuchen, NJ, 08840",(732) 548-5008,,https://orthospecialistpc.com/
Unknown Dental Clinic,NJ,,,
Robert Del Presto D.M.D.,NJ,1-732-840-1300,,
Pablo Acuna Dental Group,"Washington Avenue, Belleville, NJ, 07109",,,
Mercer Oral Surgery,"Nami Lane, Hamilton Township, NJ, 08619",,,
Family Dentistry 2000,"North 6th Street, Newark, NJ",,,
Unknown Dental Clinic,NJ,,,
Aspen Dental,NJ,,,
Family Friendly Dental,NJ,,,
Family and Cosmetic Dentistry,NJ,,,
Poussin Dental,"Saint Paul Street, Westfield, NJ, 07090",+1 908-232-3550,care@poussindental.com,https://poussindental.com
East Madison Dental,"East Madison Avenue, Dumont, NJ, 07628",+1 201-501-8282,,https://www.emdental.com/dumont-nj/
Emerson Family Dental,"Old Hook Road Suite, Emerson, NJ, 07630",,,
The Smile Center of Wrightstown,"Monmouth Road, Wrightstown, NJ, 08562",,,
Unknown Dental Clinic,NJ,,,
Cleary Dental Family & Cosmetic Dentistry,"N Haddon Ave, Suite 7, Haddonfield, NJ, 08033",1-856-428-3050,,https://clearydental.com/
Dr. Dental,"US Highway 1 South, Edison, NJ, 08817",+1 732-248-3368,,https://www.mydrdental.com/location/new-jersey/edison/
VIP Smiles By Dr Julie Molin,"Maple Avenue, Red Bank, NJ, 07701",+1 732-741-8040,frontdesk@juliemolin.com,https://www.juliemolin.com/
Clemente Orthodontics of Ridgewood,"W Ridgewood Ave, Ridgewood, NJ, 07450",1-201-447-2888,contact@clementeorthodontics.com,https://clementeorthodontics.com/ridgewood-location/
"Garden State Dental Design / Arthur Szabela, D.D.S.","Raritan Road, Clark, NJ, 07066",732-669-7227,,https://www.gardenstatedentaldesign.com/
Implant Dentistry Center,NJ,,,
Diamond Braces,NJ,,,
Tiny Teeth of Lakewood,"NJ 70, Lakewood, NJ, 08701",1-848-245-779,,https://tinyteethnj.com/
Alpine Dental,NJ,,,
Lakehurst Dental,NJ,,,
Dr. Jeffrey M. Falduto Family Dentistry,"8 Chapel Hill Rd Lincoln Park, NJ 07035",(973) 696-4200,office@jfalduto.com,https://www.jeffreymfaldutodmd.com
Unity Dental,"Hooper Avenue, Toms River, NJ",,,
Unknown Dental Clinic,NJ,,,
Blairstown Smile Studio,"807 NJ-94, Blairstown, NJ, 07825",(908)362-7008,Blairstown.smile.studio@gmail.com,https://blairstownsmilestudio.com/
Sicklerville Smiles,"423 Sicklerville Rd, Sicklerville, NJ, 08081",856-728-9200,,https://sicklervillesmiles.com/
Nova Dental,"Bloomfield Avenue, Newark, NJ, 07107",,,
Allstate Dental,"Bloomfield Avenue, Newark, NJ, 07107",,,
Allied Dental,NJ,,,
Manicone Nancy,"Valley Road, Wayne, NJ, 07470",,,
Unknown Dental Clinic,NJ,,,
Greg's Dentist,"Broad Street, Bloomfield, NJ, 07003",,,
Abra Health - Newark Smile Center,"223 Bloomfield Avenue, Newark, NJ",(973) 221-4607,,https://abradental.com/locations/bloomfield-newark-smile-center/
"Dr. Jay A. Zimmerman, DMD","Sheffield Street, Mountainside, NJ, 07092",+1 973-635-9515,,https://www.jayzimmermandentist.com/
Tooth Fairy Family Dental,"Plainsboro Road, NJ",(609) 452-2600,,https://www.toothfairyfamily.com
Dimension Dental,NJ,,,
Dent Blanche Dental,"Larwenceville Road, Princeton, NJ, 08540",+1 609-890-1888,dentblanchedental@gmail.com,https://www.dentblanchedental.com/
Legacy Family Dental,"Rt 46, Budd Lake, NJ, 07828",+1 973-263-6400,,https://www.lfdnj.com/
Central Jersey Prosthodontics,"226 Raritan Avenue, Highland Park, NJ, 08904",732-247-9190,,https://www.centraljp.com/
"Esteban Barrera, D.D.S.",NJ,,,
Ace Dental,NJ,,,
Rao's Family Dental,"East Main Street, Ramsey, NJ, 07446",,,
Hamilton Dental Associates,NJ,,,
"Christopher J. Shyne DMD, FAGD, MAGD, LLC","Yardville Hamilton Square Road, Hamilton, NJ, 08690",1-609-587-8400,,http://doctorshyne.com
"Dental Excellence, LLC",NJ,,,
Mark Sandler Dentistry,NJ,,,
Cherry Hill Family Dental,NJ,,,
Dunn Dental,NJ,,,
Personalized Dentistry,"Ernston Road, Parlin, NJ, 08859",,,
Family & Cosmetic Dentistry,"Ernston Road, Parlin, NJ, 08859",,,
"Daniel A. Nyhuis, DMD, PC",NJ,,,
"Donald C. Bogert, Jr., DMD",NJ,,,
Waterfront Detal,NJ,,,
Camden Dental Associates,"Market Street, Camden, NJ, 08103",,,
Pequannock Valley Dental,NJ,,,
Total Care Dentistry,NJ,,,
"Exclusive Oral Surgery, LLC","Paterson-Hamburg Turnpike, Wayne, NJ, 07470",,,
Ulacare Dentistry,NJ,,,
Family Dentistry of Edison,"Parsonage Road, Edison, NJ, 08837",+1 732-548-9400,,http://www.toothdoctors.net/
Richland Creek Dental,NJ,,,
Unknown Dental Clinic,NJ,,,
Unknown Dental Clinic,NJ,,,
Shoreland Dental,"Highway 35, Hazlet Township, NJ",1-732-264-2117,Shorelanddental@hotmail.com,Www.shorelanddental.com
Unknown Dental Clinic,NJ,,,
Unknown Dental Clinic,NJ,,,
West Broadway Dental,NJ,,,
Paterno Orthodonics,"Mount Laurel Road, Mount Laurel, NJ, 08054",,,
Unknown Dental Clinic,NJ,,,
Family Dentistry,"Barclay Farm Shopping Center, Cherry Hill, NJ, 08034",,,
Wooley Denistry,"795 Route 70 East, Suite O,Marlton Pike, Evesham, NJ, 08053",856 797-8600,welcomestaff@wooleydentistry.com,http://www.wooleydentistry.com/
Dentist,"Haddonfield-Berlin Road, Voorhees, NJ, 08043",,,
Unknown Dental Clinic,NJ,,,
Family Dentistry,"East Main Street, Marlton, NJ, 08053",,,
Unknown Dental Clinic,"Summit Street, Parsippany-Troy Hills Township, NJ, 07054",,,
Ortho One,"Haddonfield-Berlin Road, Voorhees, NJ, 08043",,,
Segal and Iyer Orthodontics,"State Route 73, Marlton, NJ, 08053",,,
Dental Health Associates,"State Route 38, Lumberton, NJ, 08048",,,
TenBrook Orthodontics,"State Route 73, Marlton, NJ, 08053",,,
Shah Orthodontics,"East Main Street, Marlton, NJ, 08053",,,
"""BRAYCES"" Orthodontics","Shore Road, Somers Point, NJ, 08244",,,
Garwood Dental Excellence,NJ,,,
Brighter Dentist,NJ,,,
Papasikos Orthodontist,NJ,,,
Unknown Dental Clinic,NJ,,,
Friendly Dental,"Oxford Lane, Aberdeen Township, NJ, 07747",,,
Allendale Dental,"West Allendale Avenue, Allendale, NJ, 07401",12017601116,,https://www.allendaledental.net/
"Benjamin J. Avery, DMD Family Dentistry","South Main Street, Phillipsburg, NJ, 08865",,,
South Jersey Dental Medicine,"State Route 73, Evesham, NJ, 08053",,,
Holly Beach Dental Associates,NJ,,,
Unknown Dental Clinic,"Lawrence Road, Lawrence Township, NJ, 08648",,,
Unknown Dental Clinic,NJ,,,
Total Dental Care,"Brunswick Avenue, Lawrence Township, NJ, 08648",,,
Associates In Oral and Maxillofacial Surgery,"Morris Avenue, Springfield, NJ, 07081",,,
Glamorous Smile Dental Spa,"Morris Avenue, Springfield, NJ, 07081",1-973-912-9091,,https://www.glamoroussmiledentalspa.com/
Wayne Family Dental,"Paterson-Hamburg Turnpike, Wayne, NJ, 07470",,,
Balla Joseph a DDS,"Hamburg Turnpike, Wayne, NJ, 07470",,,
Train Station Dental,"E Atlantic Avenue, Audubon, NJ, 08106",,,
"Karen Katz DMD, Family and Cosmetic Dentistry","Ratzer Road, Wayne, NJ, 07470",,,
North Jersey Orthodontics: Dr. Elizabeth Ellen,"Woodstock Drive, Wayne, NJ, 07470",,,
Unknown Dental Clinic,NJ,,,
Lincroft Oral Surgery,"515 Newman Springs Road, Lincroft, NJ, 07738",732-842-5915,info@oralsurgery.support,https://www.lincroftoralsurgery.com/
Gorski Kenneth N DDS,"Valley Road, Wayne, NJ, 07470",,,
"Nicholas J. Tria, DMD","Valley Road, Wayne, NJ, 07470",,,
Wayne Dental Arts,"Packanack Lake Road, Wayne, NJ, 07470",,,
Cherry Hill Family Dental,NJ,,,
Cozy Family Dental,"Black Oak Ridge Road, Wayne, NJ, 07470",,,
The Children's Dental Center,"W. End Avenue, Somerville, NJ, 08876",,,
Pierri Joseph F DDS,"Paterson-Hamburg Turnpike, Wayne, NJ, 07470",,,
Union Hill Dental and orthodontist,NJ,,,
The Atrium,NJ,,,
Unknown Dental Clinic,NJ,,,
"Advanced Dental Concepts, PA","New Road, Somers Point, NJ, 08204",,,
Gersch Orthodontics,"East Broad Street, Westfield, NJ, 07090",,,
Short Orthodontics,NJ,,,
Unknown Dental Clinic,NJ,,,
Bright Family Dental,"Broad Avenue, Palisades Park, NJ, 07650",,,
Newport Centre Dental,NJ,,,
Choi Dental,"Broad Avenue, Leonia, NJ, 07605",,,
Affordable Teeth Care,"Ventnor Avenue, Atlantic City, NJ, 08401",,,
Ridgewood Dental Associates,NJ,,,
"David J. D’Apolito, D.M.D.","Rahway Avenue, Woodbridge, NJ, 07095",,,
Unknown Dental Clinic,"North Main Street, Mullica Hill, NJ, 08062",,,
McCartin Christopher DMD,NJ,,,
Advanced Dental Care,"160 South Broad Street, Ridgewood, NJ 07450",201-365-4458,,https://advanceddentalcarepa.com/
Main Street Dental,"North Broadway, Pennsville, NJ, 08070",,,
Dentistry of South Jersey,"South Broadway, Pennsville, NJ, 08070",,,
Joel M Richterman Dental,"North Broadway, Pennsville, NJ, 08070",(856) 678-5866,,https://www.richtermandental.com/
"Charles A. Evans, D.M.D. Dental Practice","Benson Avenue, Pennsville, NJ, 08070",,,
Bright Smile Orthodontics,"Fair Lawn Avenue, Fair Lawn, NJ, 07410",1-201-794-9500,,https://brightsmileorthodontics.com/
Unknown Dental Clinic,NJ,,,
Ganttown Dental,"Ganttown Road, Sewell, NJ, 08080",,,
LSH Dental,"Throckmorton Lane, Old Bridge, NJ, 08857",,,
Diamond Braces,"E. McFarlan Street, Dover, NJ, 07801",,,
Colts Neck Smiles,"NJ 34, Colts Neck, NJ, 07722",1-732-431-800,office@coltsnecksmiles.com,
"South Jersey Periodontics & Dental Implants, LLC","Egg Harbor Road, Sewell, NJ, 08080",,,
Dental Arts At Washington Township,"Talon Court, Sewell, NJ, 08080",,,
Real Smile Dental,NJ,,,
Armstrong Pediatric Dental,NJ,,,
Dentistry for Special People,"Fries Mill Road, Blackwood, NJ, 08012",,,
"Jeannette Morris, DDS - Marko Jeftic, DMD","Fries Mill Road, Blackwood, NJ, 08012",,,
Frank Batastini Orthodontics,"Fries Mill Road, Blackwood, NJ, 08012",,,
Sewell Dental Arts,"Fries Mill Road, Blackwood, NJ, 08012",,,
Natoli Dental,"Fries Mill Road, Blackwood, NJ, 08012",,,
Gibbstown Dentistry,"Harmony Road, Gibbstown, NJ, 08027",+1 856-599-1350,,https://www.gibbstowndentistry.com/
Unknown Dental Clinic,NJ,,,
Sayreville Dental Studio,"Pulaski Avenue, Sayreville, NJ, 08872",732-967-3814,,https://sayrevilledentalstudio.com/
Sayreville Dental,"Washington Road, Sayreville, NJ, 08872",732-257-9300,,https://www.sayrevilledental.com/?utm_source=Website&utm_medium=GMB
Aspen Dental,"NJ 57, Hackettstown, NJ, 07840",1-908-594-2450,,
Tenafly Dentistry,"Central Avenue, Tenafly, NJ, 07670",,,
Zen Dental,"South 4th Avenue, Highland Park, NJ, 08904",,,
Riki T. Kreitman DMD,"South 4th Avenue, Highland Park, NJ, 08904",,,
"Warren Merguerian, DDS","Fischer Boulevard, Toms River, NJ, 08753",+1 732 270 6868,,http://www.familydentaloftomsriver.com/
Unknown Dental Clinic,"Vail Road, Parsippany-Troy Hills Township, NJ, 07054",,,
SmileLogic,NJ,,,
Doctors of Dental Medicine,NJ,,,
Smile Express,NJ,,,
Unknown Dental Clinic,NJ,,,
Dental Arts Design,NJ,,,
Westwood Oral Surgery Associates,"North Broadway, Pennsville, NJ, 08070",856-678-9303,,
Garden State Dental,NJ,732-276-4135,,
DDS Craig Abramowicz,NJ,732-432-5982,,
Beckman Dental,"Main Street, Netcong, NJ, 07857",(973) 347-0080,,
Apex Dental,"Ernston Road, Parlin, NJ, 08859",732-553-1313,,https://apexdentalhealth.com
Columbia Dental,NJ,,,
Unknown Dental Clinic,NJ,,,
Lake Family Dentistry,NJ,,,
Dr. Amy James & Associates Orthodontists,"North Haddon Avenue, Haddonfield, NJ, 08033",,,
Alex Colalillo Orthodontics,"N Main Street, Mullica Hill, NJ, 08062",,,
Glassboro Dentistry,NJ,,,
Jersey Brothers Dental,"Spotswood-Englishtown Road, Monroe Township, NJ",,,
Dr. Joseph A. Checchio Dentistry,"Mullica Hill Road, Mullica Hill, NJ, 08062",856-270-2203,,
Vincent Colonna D.M.D.,"Inman Avenue, Colonia, NJ, 07067",,,
Family Dental Associates of Brookdale,"Broad Street, Bloomfield, NJ, 07003",,,
Heritage Dental,NJ,,,
Galloway Dental Group,NJ,,,
Zeik Dental,"Maple Avenue, Red Bank, NJ, 07701",,,
Vernon Valley Dental,NJ,,,
Unknown Dental Clinic,NJ,,,
Montague Dental,NJ,+1 973 293 3404,info@drduddy.com,https://www.montaguedental.com/
Grove Dental Centre,NJ,,,
Family Dentistry,"US 46, Hackettstown, NJ, 07840",1-908-850-8660,,
Browns Mills Dental Center,"Juliustown Road, Browns Mills, NJ, 08015",,,
Rotem Dental Care,"Route 37 West, NJ",,,
Family Dental Group,"Washington Avenue, Belleville, NJ, 07109",,,
"Dr. Mariana C. Elwell DDS, MAGD, ABGD","Franklin Street, Bridgeton, NJ, 08302",1-856-455-4095,,https://www.mybridgetondentist.com/
Community Dental,"Wellington Avenue, Ventnor City, NJ, 08406",,,
Atlantic Smiles,"Ventnor Avenue, Atlantic City, NJ, 08401",1-609-344-1900,info@atlanticsmiles.com,http://www.atlanticsmiles.com/atlantic-city-location.html