Name,Email,Phone,Website,Address,Source,All_Emails
360 Global Transportation,,(310) 885-5200,http://360globaltransportation.com/,"3120 Via Mondo, Rancho Dominguez, CA, United States, 90220",3plfinder.com,['']
A. N. Deringer,,(310) 885-9777,http://www.anderinger.com/,"19520 Wilmington Ave., Rancho Dominguez, CA, United States, 90220",3plfinder.com,[]
Ability /Tri-Modal,,(310) 522-5506,http://www.trimodal.com/,"22560 Lucerne Street, Carson, CA, United States, 90745",3plfinder.com,[]
Ability/Tri-Modal,,(310) 518-8970,http://www.trimodal.com/,"2011 East Carson Street, Carson, CA, United States, 90810",3plfinder.com,[]
Access Plus Warehouse,info@apwl.net,(310) 515-0777,http://www.apwl.net/,"1420 East Victoria Street, Carson, CA, United States, 90220",3plfinder.com,['info@apwl.net']
Alameda Distribution Inc.,sina@alamedadistributioninc.com,(310) 351-4121,http://www.alamedadistributioninc.com/,"1820 E 48th Place, Los Angeles, CA, United States, 90058",3plfinder.com,"['sina@alamedadistributioninc.com', 'user@domain.com']"
All Purpose Warehouse,angelica@apw-i.com,(619) 661-1171,http://www.apw-i.com/,"2310 Otay Center Drive, San Diego, CA, United States, 92154",3plfinder.com,"['angelica@apw-i.com', 'david@apw-i.com']"
All Town Transportation Inc,,(949) 259-2490,,"10314 Norris Avenue, Pacoima, CA, United States, 91331",3plfinder.com,[]
Alto Systems,,(909) 468-5500,http://www.altosys.com/,"2867 Surveyor Street, Pomona, CA, United States, 91768",3plfinder.com,[]
Alveda 3PL Services,,(657) 377-6274,http://www.alvedamanagement.com/,"2421 South Susan Street, Santa Ana, CA, USA",3plfinder.com,[]
American Export Lines,,(310) 895-7182,http://www.shipit.com/,"13500 South Figueroa Street, Los Angeles, CA, United States, 90061",3plfinder.com,[]
American Logistics International,,(310) 834-2245,http://www.americanlogisticsintl.com/,"24700 South Main Street, Carson, CA, United States, 90745",3plfinder.com,[]
American Warehouse Company,,(559) 265-4212,http://www.americanwarehouse.com/,"3150 S. Willow Avenue, Fresno, CA, United States, 93725",3plfinder.com,[]
Anchor Distribution Services,,(510) 483-9120,http://anchordistributinginc.com/,"2950 Merced Street, San Leandro, CA, United States, 94577",3plfinder.com,[]
Annex Warehouse,Steve@annextryco.net,(866) 617-1314,http://www.annextryco.net/,"1951-B Fairway Drive, San Leandro, CA, United States, 94577",3plfinder.com,"['Steve@annextryco.net', 'sheila@annextryco.net', 'lena@annextryco.net', 'chris@annextryco.net', 'Mimi@annextryco.net', 'toi@annextryco.net', 'laurel@annextryco.net', 'corrin@annextryco.net', 'tino@annextryco.net', 'dave@annextryco.net', 'ako@annextryco.net ', 'maryann@annextryco.net', 'Steve@annextryco.net ', 'thuy@annextryco.net', 'ako@annextryco.net', 'cathy@annextryco.net', 'Lena@annextryco.net', 'jaime@annextryco.net']"
Annex Warehouse,Steve@annextryco.net,(866) 617-1314,http://www.annextryco.net/,"1345 Suite A, Doolittle, San Leandro, CA, United States, 94577",3plfinder.com,"['Steve@annextryco.net', 'sheila@annextryco.net', 'lena@annextryco.net', 'chris@annextryco.net', 'Mimi@annextryco.net', 'toi@annextryco.net', 'laurel@annextryco.net', 'corrin@annextryco.net', 'tino@annextryco.net', 'dave@annextryco.net', 'ako@annextryco.net ', 'maryann@annextryco.net', 'Steve@annextryco.net ', 'thuy@annextryco.net', 'ako@annextryco.net', 'cathy@annextryco.net', 'Lena@annextryco.net', 'jaime@annextryco.net']"
Arc Sentry,ship@arcsentry.com,(737) 279-5196,http://www.arcsentry.com/,"5756 Grace Place, Commerce, CA, United States, 90022",3plfinder.com,['ship@arcsentry.com']
"Assembly, Inc.",,(888) 610-7809,http://assembly.com/move,"599 Seaport Blvd., Redwood City, CA, United States, 94063",3plfinder.com,[]
Barrett Distribution Centers,sales@barrettdistribution.com,(562) 222-8426,http://www.barrettdistribution.com/,"901 Union Street, Montebello, CA, United States, 90640",3plfinder.com,"['sales@barrettdistribution.com', 'mymail@mailservice.com']"
Barrett Distribution Centers,sales@barrettdistribution.com,(559) 354-4332,http://www.barrettdistribution.com/,"3359 East North Avenue, Fresno, CA, United States, 93725",3plfinder.com,"['sales@barrettdistribution.com', 'mymail@mailservice.com']"
Bay Cities Warehouse,,(510) 471-9770,http://www.baycitieswarehouse.com/,"31474 Hayman Street, Hayward, CA, United States, 94544",3plfinder.com,[]
Bee Imagine LLC,sales@beeimagine.com,(310) 407-9219,http://www.beeimagine.com/,"4910 Azusa Canyon Road, Irwindale, CA, United States, 91706",3plfinder.com,['sales@beeimagine.com']
Best Inc.,us-jobs@best-inc.com,(626) 626-7665,http://www.best-inc.us/,"5125 Schaefer Ave, Ste 101, Chino, CA 91710, Chino, CA, United States, 91710",3plfinder.com,"['us-jobs@best-inc.com', 'us-sales@best-inc.com']"
Best Logistics,info@bestlogistics.net,(209) 762-6212,http://www.bestlogistics.net/,"340 Port Road 22, Stockton, CA, United States, 95203",3plfinder.com,['info@bestlogistics.net']
Biagi Brothers,info@biagibros.com,(818) 781-8418,http://www.biagibros.com/,"8201 Woodley Ave, Van Nuys, CA, United States, 91406",3plfinder.com,['info@biagibros.com']
Biagi Brothers,info@biagibros.com,(707) 251-9990,http://www.biagibros.com/,"787 Airpark Road, Napa, CA, United States, 94558",3plfinder.com,['info@biagibros.com']
Biagi Brothers,info@biagibros.com,(707) 745-8115,http://www.biagibros.com/,"650 Stone Road, Benicia, CA, United States, 94510",3plfinder.com,['info@biagibros.com']
Biagi Brothers,info@biagibros.com,(909) 390-3888,http://www.biagibros.com/,"3655 East Airport Road, Ontario, CA, United States, 91761",3plfinder.com,['info@biagibros.com']
BoxFort,,(480) 242-1414,http://www.boxfortcommerce.com/,"5611 Palmer Way, Suite G, Carlsbad, CA, United States, 92010",3plfinder.com,[]
California Cartage Company,,(888) 537-1432,http://www.calcartage.com/,"2132 E. Dominguez, Carson, CA, United States, 90810",3plfinder.com,[]
California Freight Sales,info@calfreight.com,(209) 599-5148,http://www.calfreight.com/,"520 E Whitmore Avenue, Modesto, CA, United States, 95358",3plfinder.com,['info@calfreight.com']
Calko Transport,contact@calko.com,(310) 638-6791,http://www.calko.com/,"720 East Watson Center Road, Carson, CA, United States, 90745",3plfinder.com,['contact@calko.com']
Capacity LLC,info@capacityllc.com,(909) 595-2714,http://www.capacityllc.com/,"14237 East Don Julian Road, City of Industry, CA, United States, 91746",3plfinder.com,['info@capacityllc.com']
Cargo Cats Inc.,,(951) 681-4220,http://cargocatsinc.com/,"3401 Etiwanda Avenue, Mira Loma, CA, United States, 91752",3plfinder.com,[]
Cascade Warehouse,,(888) 292-2687,http://cascadewarehouse.com/,"17628 Slover Avenue, Bloomington, CA, United States, 92316",3plfinder.com,[]
Cascade Warehouse,,(888) 292-2687,http://cascadewarehouse.com/,"1280 Jefferson Lane, Colton, CA, United States, 92324",3plfinder.com,[]
Case Stack,,(310) 473-8885,http://ww2.casestack.com/,"3000 Ocean Park Blvd #1000, Santa Monica, CA, United States, 90405",3plfinder.com,[]
Castle Distribution Services,,(888) 665-3716,http://www.castledistribution.com/,"16505 Avenue 24Ω, Chowchilla, CA, United States, 93610",3plfinder.com,[]
Catania Logistics,,(714) 439-0188,http://catanialogistics.com/,"8950 Sorensen Avenue, Santa Fe Springs, CA, United States, 90670",3plfinder.com,[]
Catania Logistics LLC,,(714) 204-6736,http://catanialogisticsllc.com/,"8950 Sorensen Avenue, Santa Fe Springs, CA, United States, 90670",3plfinder.com,[]
Charles M Schayer & Company,,(310) 641-3060,http://www.schayer.com/,"7901 Somerset Blvd. #B, Paramount, CA, United States, 90723",3plfinder.com,[]
Coast Warehouse,,(961) 681-0666,http://www.coastwarehouse.com/,"3401 Etiwanda Avenue, Jurupa Valley, CA, United States, 91752",3plfinder.com,[]
Coastline Logistics,customerservice@coastlinelogistics.com,(310) 816-0171,http://www.coastlinelogistics.com/,"19700 Van Ness Avenue, Torrence, CA, United States, 90501",3plfinder.com,['customerservice@coastlinelogistics.com']
Cojecto,,(909) 992-6968,http://www.cojectoinc.com/,"1451 W Holt Blvd., Ontario, CA, United States, 91762",3plfinder.com,[]
Complete Logistics Company,,(800) 397-6909,http://www.logisticsinc.com/,"6818 Patterson Pass, STE H, Livermore, CA, United States, 94550",3plfinder.com,[]
Complete Logistics Company,,(800) 397-6909,http://www.logisticsinc.com/,"1670 S Etiwanda Avenue, Ontario, CA, United States, 91761",3plfinder.com,[]
Complete Logistics Company,,(800) 397-6909,http://www.logisticsinc.com/,"13831 Slover Avenue, Fontana, CA, United States, 92337",3plfinder.com,[]
Complete Logistics Company,,(800) 397-6909,http://www.logisticsinc.com/,"1207 Air Wing Road, San Diego, CA, United States, 92154",3plfinder.com,[]
Continental Warehouse,sales@continentalwarehouse.com,(800) 854-3088,http://continentalwarehouse.com/,"5800 88th Street, Sacramento, CA, United States, 95828",3plfinder.com,['sales@continentalwarehouse.com']
CPS Express / Coast Warehouse Co.,jobs@cpsexpress.com,(951) 685-4100,http://www.haddycompanies.com/,"3401 Etiwanda Avenue, Building 711, Mira Loma, CA, United States, 91752",3plfinder.com,['jobs@cpsexpress.com']
CTK USA,info@ctkusa.com,(909) 406-5388,http://www.ctkusa.com/,"2110 South Parco Avenue, Ontario, CA, United States, 91761",3plfinder.com,['info@ctkusa.com']
Customized Distribution Services,,(909) 947-0084,http://www.cds3pl.com/,"3355 E. Cedar St., Suite A, Ontario, CA, United States, 91761",3plfinder.com,[]
Cypress Trucking Inc,,(510) 415-9169,http://www.irahetabros.com/warehousing-services/,"1515 Fresno Ave, Stockton, CA, United States, 95206",3plfinder.com,[]
Dart Warehouse,contact@dartentities.com,(323) 264-1011,http://www.dartwarehouse.com/,"1430 South Eastman Avenue, Los Angeles, CA, United States, 90023",3plfinder.com,"['contact@dartentities.com', ' contact@dartentities.com']"
Dean Warehouse Services,,(401) 477-2112,http://www.deanwarehouse.com/,"5685 Industrial Parkway, San Bernardino, CA, United States, 92407",3plfinder.com,[]
Dean Warehouse Services,,(401) 477-2112,http://www.deanwarehouse.com/,"4982 Hallmark Parkway, San Bernardino, CA, United States, 92407",3plfinder.com,[]
Del Norte Distribution,,(805) 981-8001,http://www.delnortedistribution.com/,"5655-5851 Arcturus Avenue, Oxnard, CA, United States, 93030",3plfinder.com,[]
Dependable Supply Chain Services,,(323) 526-2200,http://www.godependable.com/,"830 E Street, Sacramento, CA, United States, 95605",3plfinder.com,[]
Dependable Supply Chain Services,,(323) 526-2200,http://www.godependable.com/,"3199 Alvarado Road, San Leandro, CA, United States, 94577",3plfinder.com,[]
Dependable Supply Chain Services,,(323) 526-2200,http://www.godependable.com/,"2555 E. Olympic Blvd., Los Angeles, CA, United States, 90023",3plfinder.com,[]
Desert Empire,,(909) 370-3077,http://www.desert-empire.com/,"4800 Gregg Road, Pico Rivera, CA, United States, 90660",3plfinder.com,[]
Desert Empire,,(800) 640-3077,http://www.desert-empire.com/,"258 E. Commercial Road, San Bernardino, CA, United States, 92408",3plfinder.com,[]
Distribution Alternatives,,(651) 639-5930,http://www.daserv.com/,"9774 Calabash, Fontana, CA, United States, 92335",3plfinder.com,[]
Distribution Alternatives,,(651) 639-5930,http://www.daserv.com/,"1990 South Cucamonga Avenue, Ontario, CA, United States, 91761",3plfinder.com,[]
Distribution Alternatives,,(651) 639-5930,http://www.daserv.com/,"10621 6th Street, Rancho Cucamonga, CA, United States, 91730",3plfinder.com,[]
DSW Distribution Centers,,(909) 483-5841,http://www.dswdist.com/,"8858 Rochester Avenue, Rancho Cucamonga, CA, United States, 91730",3plfinder.com,[]
Ebox 3PL,,(350) 204-9113,https://ebox3pl.com/,"1707 N Maple Ave, Fresno, CA, United States, 93703",3plfinder.com,[]
EDS Distribution Services,,(877) 525-8777,http://www.edsdistribution.com/,"6666 East Washington Blvd, Commerce, CA, United States, 90040",3plfinder.com,[]
EDS Distribution Services,,(877) 525-8777,http://www.edsdistribution.com/,"1601 W.Mission Blvd Suite 106, Pomona, CA, United States, 91766",3plfinder.com,[]
El Mar Logistics,sales@quickbox.com,(310) 436-6444,http://www.elmarlogistics.com/,"833 East Walnut Street, Carson, CA, United States, 90746",3plfinder.com,['sales@quickbox.com']
eShipping Distribution Services,wh5traffic@eshippingdistribution.com,(816) 708-0485,http://www.eshippingdistribution.com/,"1260 S Vintage Ave, Ontario, CA, United States, 91761",3plfinder.com,"['wh5traffic@eshippingdistribution.com', 'wh13traffic@eshippingdistribution.com', 'wh10traffic@eshippingdistribution.com', 'wh6traffic@eshippingdistribution.com', 'wh1traffic@eshippingdistribution.com', 'wh7traffic@eshippingdistribution.com', 'wh12traffic@eshippingdistribution.com', 'EDSleads@eShipping.biz', 'wh9traffic@eshippingdistribution.com', 'wh14traffic@eshippingdistribution.com', 'wh15traffic@eShippingDistribution.com', 'wh11traffic@eshippingdistribution.com']"
eShipping Distribution Services,wh5traffic@eshippingdistribution.com,(816) 986-8996,http://www.eshippingdistributionservices.com/,"7875 Hemlock Ave, Fontana, CA, United States, 92336",3plfinder.com,"['wh5traffic@eshippingdistribution.com', 'wh13traffic@eshippingdistribution.com', 'wh10traffic@eshippingdistribution.com', 'wh6traffic@eshippingdistribution.com', 'wh1traffic@eshippingdistribution.com', 'wh7traffic@eshippingdistribution.com', 'wh12traffic@eshippingdistribution.com', 'EDSleads@eShipping.biz', 'wh9traffic@eshippingdistribution.com', 'wh14traffic@eshippingdistribution.com', 'wh15traffic@eShippingDistribution.com', 'wh11traffic@eshippingdistribution.com']"
ESNA Logistics,,(714) 278-1003,http://www.esna-lasarge.com/,"500 S. Acacia Avenue, Fullerton, CA, United States, 92831",3plfinder.com,[]
ESNA Logistics / La Sarge Warehouse & Distribution,,(714) 278-1003,http://www.esna-lasarge.com/,"500 South Acacia Avenue, Los Angeles, CA, United States, 92831",3plfinder.com,[]
Express Freight,,(510) 483-7007,http://www.express-freight.com/,"2027 Williams Street, San Leandro, CA, United States, 94577",3plfinder.com,[]
Fast Track Services,dinhthienvan1@gmail.com,(310) 321-7330,http://www.callftx.com/,"363 Coral Circle, El Segundo, CA, United States, 90245",3plfinder.com,['dinhthienvan1@gmail.com']
FIDELITONE,,(800) 475-0917,http://www.fidelitone.com/,"19202 Cabot Blvd., Hayward, CA, United States, 94545",3plfinder.com,[]
FIDELITONE,,(800) 475-0917,http://www.fidelitone.com/,"834 Striker Avenue., Suite D, Sacramento, CA, United States, 95834",3plfinder.com,[]
FIDELITONE,,(800) 475-0917,http://www.fidelitone.com/,"9080 Activity Rd., Suite D, San Diego, CA, United States, 92126",3plfinder.com,[]
FIDELITONE,,(800) 475-0917,http://www.fidelitone.com/,"15600 S. Blackburn Ave., Norwalk, CA, United States, 90650",3plfinder.com,[]
Flex Logistics,,(800) 350-4567,http://www.flexla.com/,"3351 East Philadelphia, Ontario, CA, United States, 91761",3plfinder.com,[]
"Focus Logistics, Inc.",,(877) 924-3600,http://www.focuslogisticsinc.com/,"907 E. 236th Street, Carson, CA, United States, 90745",3plfinder.com,[]
Foreign Trade Zone #3,,(415) 391-0176,http://sf-port.org/,"Pier 1, The Embarcadero, San Francisco, CA, United States, 94111",3plfinder.com,[]
Freight Ready,Info@freightready.com,(209) 941-2440,http://www.freightready.com/,"747 Wilshire Avenue, Stockton, CA, United States, 95203",3plfinder.com,['Info@freightready.com']
Frontier Logistics Services,,(310) 328-2424,http://www.frontier-logistics.com/,"19200 South Western Avenue, Torrance, CA, United States, 90501",3plfinder.com,[]
Frontier Logistics Services,,(310) 604-8208,http://www.frontier-logistics.com/,"1700 N. Alameda Street, Compton, CA, United States, 90222",3plfinder.com,[]
Frontier Logistics Services,,(310) 329-5700,http://www.frontier-logistics.com/,"14439 S. Avalon Blvd, Gardena, CA, United States, 90248",3plfinder.com,[]
Frontline Distribution,,(619) 885-8188,http://www.front-lineinc.com/,"PO Box 124731, San Diego, CA, United States, 92112",3plfinder.com,[]
Fulex eCommerce Order Fulfillment,info@fulex.com,(619) 860-0300,http://www.fulex.com/,"12455 Kerran Street, Suite 300, Poway, CA, United States, 92064",3plfinder.com,['info@fulex.com']
Fulfillment and Warehousing Solutions,danielson@fulfillmentsolutionsinc.com,(760) 685-5388,http://fulfillmentsolutionsinc.com/,"31145 Wiegman Road, Hayward, CA, United States, 94544",3plfinder.com,['danielson@fulfillmentsolutionsinc.com']
FW Logistics,,(618) 477-8137,http://fwlogistics.com/,"9180 Center Avenue, Suite 200, Rancho Cucamonga, CA, United States, 91730",3plfinder.com,[]
FW Logistics,,(618) 477-8137,http://fwlogistics.com/,"585 Garner Road, Suite B, Modesto, CA, United States, 95357",3plfinder.com,[]
Garnet Logistics,,(843) 554-6622,http://www.garnetlogistics.com/,"14651 Yorba Avenue, Chino, CA, United States, 91710",3plfinder.com,[]
Gilbert Company,,(909) 393-7575,http://www.gilbertusa.com/,"6725 Kimball Avenue, Chino, CA, United States, 91708",3plfinder.com,[]
Gilbert Company,,(909) 393-7575,http://www.gilbertusa.com/,"11500 Philadelphia Street, Mira Loma, CA, United States, 91752",3plfinder.com,[]
Gileno Distribution Services,,(877) 444-5366,http://www.gileno.com/,"3401 Etiwanda AveNUE, Mira Loma, CA, United States, 91752",3plfinder.com,[]
Global Sales and Warehousing,Contact@gsw3pl.com,(805) 456-9984,http://www.gsw3pl.com/,"1500 E. 3rd Street, Oxnard, CA, United States, 93030",3plfinder.com,"['Contact@gsw3pl.com', 'it@gsw3pl.com', 'user@domain.com']"
Globe Con Freight Systems,tslayman@globeconfreight.com,(310) 637-7872,http://www.globeconfreight.com/,"18420 Broadwick Street, Rancho Dominguez, CA, United States, 90220",3plfinder.com,['tslayman@globeconfreight.com']
GMATLIMITED INC,mymail@mailservice.com,(510) 925-5244,http://www.gmatlimited.com/,"3864 Bay Center Place, Hayward, CA, USA",3plfinder.com,"['mymail@mailservice.com', 'cs@gmatlimited.com', 'paul@gmatlimited.com']"
Golden Eagle Moving Service,sales@goldeneaglemoving.com,(800) 328-4367,http://www.goldeneaglemoving.com/,"1450 North Benson Avenue, Upland, CA, United States, 91786",3plfinder.com,"['sales@goldeneaglemoving.com', 'info@goldeneaglemoving.com', 'office@swiftline.com']"
Group Warehouses Inc.,,(559) 265-4200,http://www.groupwarehouse.com/,"3550 S. Willow Avenue, Fresno, CA, United States, 93725",3plfinder.com,[]
GSC Logistics,hrhelpdesk@gsclogistics.com,(510) 844-3705,http://www.gschq.com/,"530 Water Street, 5th Floor, Oakland, CA, United States, 94607",3plfinder.com,['hrhelpdesk@gsclogistics.com']
Hollingsworth Logistics,,(209) 839-9076,http://www.hlgllc.com/,"2795 Paradise Avenue, Tracy, CA, United States, 95304",3plfinder.com,[]
Hydra Trucking & Warehousing,twaters@hydrawarehousing.com,(916) 383-9620,http://www.hydrawarehousing.com/,"4601 Florin Perkins Road, Sacramento, CA, United States, 95826",3plfinder.com,"['twaters@hydrawarehousing.com', 'hydradispatchftc@hydrawarehousing.com', 'bryanh@hydrawarehousing.com']"
Imperial CFS Inc.,,(310) 768-8188,http://www.imperialcfs.com/,"1000 Francisco Street, Torrance, CA, United States, 90502",3plfinder.com,[]
Inland Star Distribution Centers,,(559) 432-7779,http://www.inlandstar.com/,"791 North Kelsey, Visalia, CA, United States, 93291",3plfinder.com,[]
Inland Star Distribution Centers,,(559) 432-7779,http://www.inlandstar.com/,"3146 S. Chestnut Avenue, Fresno, CA, United States, 93725",3plfinder.com,[]
Inland Star Distribution Centers,,(559) 432-7779,http://www.inlandstar.com/,"2132 East Dominguez Street, Building. A, Carson, CA, United States, 90810",3plfinder.com,[]
Innovative 3PL,,(760) 443-6980,http://www.innovative3pl.com/,"2460 Coral Street, Vista, CA, United States, 92081",3plfinder.com,[]
IUnited Services,conbusi@support.com,(336) 413-8440,http://www.iunitedservices.com/,"421 North Baldwin Park Blvd., City of Industry, CA, United States, 91746",3plfinder.com,['conbusi@support.com']
Jam-n Logistics,info@jam-n.com,(310) 661-3081,http://www.jam-n.com/,"3388 S. Garfield Ave., Commerce, CA, United States, 90040",3plfinder.com,['info@jam-n.com']
Jam-N Logistics,info@jam-n.com,(310) 766-7915,http://www.jam-n.com/,"2140 University Drive, Rancho Dominguez, CA, United States, 90220",3plfinder.com,['info@jam-n.com']
Jaspem Truck Line,,(424) 266-9162,,"2111 S Acacia Ct, Comtpon, CA, United States, 90220",3plfinder.com,[]
Kentro.io – Modern ERP & 3PL for E-Commerce Brands,support@kentro.io,(888) 787-3008,https://kentro.io/?utm_source=referral&utm_medium=listing&utm_campaign=3plfinder,"14516 Garfield Ave, Paramount, CA 90723, USA",3plfinder.com,['support@kentro.io']
KMM,,(770) 861-8305,http://www.kmmcorp.net/,"4212 Pock Lane, Stockton, CA, United States, 95206",3plfinder.com,[]
KMM,,(770) 861-8305,http://www.kmmcorp.net/,"720 S. Temescal Street, Corona, CA, United States, 92879",3plfinder.com,[]
KMM,,(770) 861-8305,http://www.kmmcorp.net/,"2470 Bates Avenue Suite D, Concord, CA, United States, 94520",3plfinder.com,[]
Komar Distribution Services,,(909) 890-0069,http://www.komardistribution.com/,"786 East Central Avenue Ste B, San Bernardino, CA, United States, 92408",3plfinder.com,[]
LA Warehouse Express,,(310) 930-9777,http://lawarehouseexpress.com/,"2100 E 49th St., Vernon, CA, United States, 90058",3plfinder.com,[]
Lecangs Logistics,info@lecangs.com,(925) 341-7934,http://www.lecangs.com/us/,"728 W Rider St, Perris, CA, United States, 92571",3plfinder.com,"['info@lecangs.com', 'sales-us@lecangs.com']"
LeSaint Logistics,,(847) 783-4940,http://www.lesaint.com/,"13204 Philadelphia Avenue, Fontana, CA, United States, 92337",3plfinder.com,[]
LINC Logistic Solutions,,(323) 725-8529,http://www.4linc.com/,"5349 Zambrano Street, Commerce, CA, United States, 90040",3plfinder.com,[]
LMS Logistics Solutions,mdiaz@lms-solutions.com,(909) 204-9307,http://www.lms-solutions.com/,"3810 Wacker Drive, Mira Loma, CA, United States, 91752",3plfinder.com,['mdiaz@lms-solutions.com']
Logistic Edge,,(888) 305-3343,http://www.logisticedge.com/,"1190 North Anaheim Blvd., Anaheim, CA, United States, 92801",3plfinder.com,[]
Logistic Edge,,(888) 305-3343,http://www.logisticedge.com/,"3963-B Workman Mill Road, Whittier, CA, United States, 90601",3plfinder.com,[]
Logistics Team,,(909) 610-4439,http://www.logisticsteam.com/,"218 Machlin Court, Walnut, CA, United States, 91789",3plfinder.com,[]
Mainfreight,,(331) 220-5244,http://www.mainfreight.com/global/en-nz,"1400 Glenn Curtiss St, Carson, CA, United States, 90746",3plfinder.com,[]
Mainfreight USA,,(786) 556-2771,http://www.mainfreight.com/,"28015 Eucalyptus Ave., Moreno Valley, CA, United States, 92555",3plfinder.com,[]
Mainfreight USA,,(786) 556-2771,http://www.mainfreight.com/,"1450 Glenn Curtiss, Carson, CA, United States, 90746",3plfinder.com,[]
Manning Distribution Services,sfowhse@rsexpress.com,(650) 692-9918,http://www.manningdistributionservices.com/,"551 Eccles Avenue, South San Francisco, CA, United States, 94080",3plfinder.com,['sfowhse@rsexpress.com']
Materialogic,hiring@materialogic.com,(707) 265-0100,http://www.materialogic.com/,"5555 Broadway St. / Highway 29, Suite 100, American Canyon, CA, United States, 94503",3plfinder.com,['hiring@materialogic.com']
Medallion Fulfillment & Logistics,info@medallionenterprises.com,(800) 260-8250,http://www.medallionenterprises.com/,"20675 Nordhoff Street, Chatsworth, CA, United States, 91311",3plfinder.com,"[' info@medallionenterprises.com', 'info@medallionenterprises.com']"
Moorpark Logistics,,(310) 633-0389,http://www.3plmoorpark.com/,"709 Science Drive, Moorpark, CA, United States, 93021",3plfinder.com,[]
More Than A Mailbox,service@mtambox3pl.com,(916) 351-9241,http://www.mtambox.com/Services/Fulfillment,"1750 Prairie City Rd. #130, Folsom, CA, United States, 95630",3plfinder.com,['service@mtambox3pl.com']
Morgan & Sampson,,(909) 923-2322,http://www.morgansampson.com/contact_us.html,"1651 South Carlos Avenue, Ontario, CA, United States, 91761",3plfinder.com,[]
Moulton Logistics Management,,(800) 808-3304,http://www.moultonlogistics.com/,"7850 Ruffner Avenue, Los Angeles, CA, United States, 91406",3plfinder.com,[]
Mystic Logistics,IT@MYSTICLOGISTICS.COM,(800) 969-1566,http://www.mysticlogistics.com/,"5401 Jurupa Avenue, Ontario, CA, United States, 91761",3plfinder.com,"['IT@MYSTICLOGISTICS.COM', 'SALES@MYSTICLOGISTICS.COM']"
Nakano Warehouse,,(310) 638-9363,http://www.tonnex.com/,"18924 SouthLaurel Park Road, Rancho Dominguez, CA, United States, 90220",3plfinder.com,[]
National Consolidation Services,johndoe@mail.com,(708) 704-9105,http://www.ncss.net/,"12435 McCann Drive, Santa Fe Springs, CA, United States, 90670",3plfinder.com,"['johndoe@mail.com', 'sales@uc.group']"
National Freight Logistics Inc,dispatch@nflfreight.net,(800) 254-4413,http://www.nflfreight.com/,"3150 North Weber Avenue, Fresno, CA, United States, 93722",3plfinder.com,"['dispatch@nflfreight.net', 'dispatch@nflfreight.com']"
Network Global Logistics,,(614) 491-5662,http://www.nglog.com/,"5353 West Imperial Highway, Suite 900, Los Angeles, CA, United States, 90045",3plfinder.com,[]
Network Global Logistics,,(800) 646-1771,http://www.nglog.com/,"1409 South Lilac Avenue, Bloomington,, CA, United States, 92316",3plfinder.com,[]
Network Global Logistics,,(614) 491-5662,http://www.nglog.com/,"13479 Valley Boulevard, Fontana, CA, United States, 92335",3plfinder.com,[]
Newstar Logistics,,(800) 944-1105,http://www.newstarlogistics.com/,"2035 E Annadale Avenue, Fresno, CA, United States, 93706",3plfinder.com,[]
Next Generation Logistics Inc.,,(626) 788-2481,http://www.nextgenship.com/,"12000 Jersey Court Ste 102, Rancho Cucamonga, CA, United States, 91730",3plfinder.com,[]
NFI Industries,,(909) 278-8023,http://www.nfiindustries.com/,"2020 MacArthur Drive, Tracy, CA, United States, 95376",3plfinder.com,[]
NFI Industries,,(323) 869-9316,http://www.nfiindustries.com/,"16047 Mountain Avenue, Ontario, CA, United States, 91708",3plfinder.com,[]
Ngo Trading Company,,(714) 398-9809,http://ngotradingco.com/,"8950 Sorensen Avenue, Santa Fe Springs, CA, United States, 90670",3plfinder.com,[]
Nippon Express USA,,(630) 451-7410,http://www.nipponexpressusa.com/,"970 Francisco Street, Torrance, CA, United States, 90502",3plfinder.com,[]
Nippon Express USA,,(630) 451-7410,http://www.nipponexpressusa.com/,"300 Westmont Drive, San Pedro, CA, United States, 90731",3plfinder.com,[]
Nippon Express USA,,(650) 827-3100,http://www.nipponexpressusa.com/,"250 Utah Avenue South, San Francisco, CA, United States, 94080",3plfinder.com,[]
Nippon Express USA,,(630) 451-7410,http://www.nipponexpressusa.com/,"2233 East Grand Avenue, El Segundo, CA, United States, 90245",3plfinder.com,[]
Noble Distribution Systems,,(800) 927-8884,http://www.nobledistribution.com/,"2318 East Del Amo Boulevard, Rancho Dominguez, CA, United States, 90220",3plfinder.com,[]
Noble Distribution Systems,,(800) 927-8884,http://www.nobledistribution.com/,"20500 S. Fordyce Avenue, Carson, CA, United States, 90810",3plfinder.com,[]
North Bay Distribution,,(707) 452-9984,http://www.nbd3pl.com/,"2050 Cessna Drive, Vacaville, CA, United States, 95688",3plfinder.com,[]
"North Bay Distribution, Inc.",,(707) 439-1768,http://nbd3pl.com/,"2050 Cessna Drive, Vacaville, CA, United States, 95688",3plfinder.com,[]
"North Bay Distribution, Inc.",,(707) 439-1768,http://www.nbd3pl.com/,"2050 Cessna Dr, Vacaville, CA, United States, 90605",3plfinder.com,[]
Northgate Cargo Control,sales@northgatecargo.com,(916) 567-0227,http://www.northgatecargo.com/warehouse-and-distribution/,"833 North Market Blvd, Sacramento, CA, United States, 95834",3plfinder.com,"['sales@northgatecargo.com ', 'example@domain.com', 'john.smith@example.com', 'sales@northgatecargo.com']"
Nova Container Freight Systems,,(310) 604-0060,http://www.novafreight.net/,"1710 East Sepulveda Boulevard, Carson, CA, United States, 90745",3plfinder.com,[]
NRI Distribution,,(888) 662-8811,http://www.nri-distribution.com/,"3200 South Broadway, Los Angeles, CA, United States, 90061",3plfinder.com,[]
NRI Distribution,,(888) 662-8811,http://www.nri-distribution.com/,"13169 Slover Ave, Fontana, CA, United States, 92337",3plfinder.com,[]
NVC Logistics Group,sales@nvclogistics.com,(201) 767-0911,http://nvclogistics.com/,"675 Endeavor Circle, Brea, CA, United States, 92821",3plfinder.com,"['sales@nvclogistics.com', 'Customer.Service@NVCLogistics.com', 'Sales@NVCLogistics.com']"
O-G Packing & Cold Storage,mail@ogpacking.com,(209) 931-4392,http://www.ogpacking.com/,"2097 Beyer Lane, Stockton, CA, United States, 95215",3plfinder.com,['mail@ogpacking.com']
OceanX,sales@oceanx.com,(585) 330-3402,http://oceanx.com/,"100 North Pacific Coast Highway, Suite 1500, El Segundo, CA, United States, 90245",3plfinder.com,"['sales@oceanx.com', 'Sales@oceanx.com']"
ODW Logistics,info@odwlogistics.com,(614) 549-5000,http://odwlogistics.com/,"9889 Almond Ave. Suite A, Redlands, CA, United States, 92374",3plfinder.com,['info@odwlogistics.com']
ODW Logistics,info@odwlogistics.com,(614) 549-5000,http://odwlogistics.com/,"27334 San Bernardino Ave, Redlands, CA, United States, 92374",3plfinder.com,['info@odwlogistics.com']
ODW Logistics,info@odwlogistics.com,(614) 549-5000,http://odwlogistics.com/,"5685 Jurupa St, Ontario, CA, United States, 91761",3plfinder.com,['info@odwlogistics.com']
One World Distribution,,(866) 289-9010,http://www.owd.com/,"3325 Manitou Court, Mira Loma, CA, United States, 91752",3plfinder.com,[]
Pacific Coast Warehouse Company,info@weberlogistics.com,(909) 545-8100,http://www.pcwc.com/,"4340 Eucalyptus Ave, Chino, CA, United States, 91710",3plfinder.com,['info@weberlogistics.com']
Pacific Coast Warehouse Company,info@weberlogistics.com,(909) 545-8100,http://www.pcwc.com/,"3601 East Jurupa St&#8206reet, Ontario, CA, United States, 91761",3plfinder.com,['info@weberlogistics.com']
Pacific Coast Warehouse Company,info@weberlogistics.com,(909) 545-8100,http://www.pcwc.com/,"7025 Central Avenue, Newark, CA, United States, 94560",3plfinder.com,['info@weberlogistics.com']
"Pacific Mountain Logistics, LLC",youremail@fly.com,(909) 581-7590,http://www.pacmtnlog.com/,"9275 Buffalo Avenue, Rancho Cucamonga, CA, United States, 91730",3plfinder.com,"['youremail@fly.com', 'youremail@gmail.com']"
"Packair Airfreight, Inc.",info@packair.com,(310) 337-9993,http://www.packair.com/,"1700 West El Segundo Blvd., Gardena, CA, United States, 90249",3plfinder.com,['info@packair.com']
Pajaro Valley Cold Storage,,(831) 722-9791,http://www.facebook.com/Pajaro-Valley-Cold-Storage-165593736800452/,"175 2nd Street, Watsonville, CA, United States, 95076",3plfinder.com,[]
PDC Logistics,,(925) 583-0200,http://www.pdc-logistics.com/,"6383 Las Positas Road, Livermore, CA, United States, 94551",3plfinder.com,[]
PDC Logistics,,(866) 990-3090,http://www.pdc-logistics.com/,"585 Garner Road, Suite 100, Modesto, CA, United States, 95357",3plfinder.com,[]
PDC Logistics,,(209) 323-6300,http://www.pdc-logistics.com/,"4686 Frontier Way, Stockton, CA, United States, 95215",3plfinder.com,[]
PDC Logistics,,(209) 983-9915,http://www.pdc-logistics.com/,"3656 Perlman Drive, Stockton, CA, United States, 95206",3plfinder.com,[]
PDC Logistics,,(510) 783-8888,http://www.pdc-logistics.com/,"1961 Stearman Avenue, Hayward, CA, United States, 94545",3plfinder.com,[]
PDC Logistics,,(916) 372-3600,http://www.pdc-logistics.com/,"1112 Corporate Road, Airdrie, CA, United States, 95691",3plfinder.com,[]
Peppertree Warehouse,,(510) 487-1119,http://www.peppertreewarehouse.com/,"30527 San Antonio Street, Hayward, CA, United States, 94544",3plfinder.com,[]
PGB Warehousing,,(323) 490-0486,,"5100 District Blvd., Vernon, CA, United States, 90058",3plfinder.com,[]
Physical Distribution Service Inc.,,(323) 881-0886,http://www.pdsla.com/,"2615 South Bonnie Beach Place, Vernon Beach, CA, United States, 90023",3plfinder.com,[]
Physical Distribution Service Inc.,,(323) 881-0886,http://www.pdsla.com/,"2615 Bonnie Beach Place, Vernon, CA, United States, 90023",3plfinder.com,[]
"Physical Distribution Service, Inc.",,(888) 399-4339,http://www.pdsla.com/,"2615 Bonnie Beach Place, Los Angeles, CA, United States, 90058",3plfinder.com,[]
Port Logistics Group,someone@example.com,(877) 901-6472,http://www.portlogisticsgroup.com/,"288 Mayo Avenue, City of Industry, CA, United States, 91789",3plfinder.com,"['someone@example.com', 'yourname@company.com', 'address@example.com']"
Preferred Freezer Service,,(310) 518-1800,http://www.preferredfreezer.com/,"900 East M Street, Wilmington, CA, United States, 90744",3plfinder.com,[]
Preferred Freezer Service,,(973) 820-4040,http://www.preferredfreezer.com/,"3100 E. Washington Boulevard, Los Angeles, CA, United States, 90023",3plfinder.com,[]
Preferred Freezer Services,,(323) 587-4600,http://www.preferredfreezer.com/,"2050 East 55th Street, Vernon, CA, United States, 90058",3plfinder.com,[]
Price Transfer,,(800) 747-7423,http://www.pricetransfer.com/,"2711 East Dominguez Street, Long Beach, CA, United States, 90810",3plfinder.com,[]
Prime Logistics Warehouse,,(310) 405-0419,,"2318 E Del Amo Blvd., Carson, CA, United States, 90810",3plfinder.com,[]
Prism Logistics,info@prismlogistics.com,(925) 838-1691,http://www.prismlogistics.com/,"6383 Las Positas Road, Livermore, CA, United States, 94551",3plfinder.com,['info@prismlogistics.com']
Prism Logistics,info@prismlogistics.com,(925) 838-1691,http://www.prismlogistics.com/,"4686 Frontier Way, Stockton, CA, United States, 95215",3plfinder.com,['info@prismlogistics.com']
Prism Logistics,info@prismlogistics.com,(925) 838-1691,http://www.prismlogistics.com/,"3656 Perlman Drive, Stockton, CA, United States, 95206",3plfinder.com,['info@prismlogistics.com']
Prism Logistics,info@prismlogistics.com,(925) 838-1691,http://www.prismlogistics.com/,"1961 Stearman Avenue, Hayward, CA, United States, 94545",3plfinder.com,['info@prismlogistics.com']
Prism Logistics,info@prismlogistics.com,(925) 838-1691,http://www.prismlogistics.com/,"1675 Overland Court, West Sacramento, CA, United States, 95691",3plfinder.com,['info@prismlogistics.com']
Prism Logistics,info@prismlogistics.com,(925) 838-1691,http://www.prismlogistics.com/,"1011/1040 Floral Lane, Modesto, CA, United States, 95357",3plfinder.com,['info@prismlogistics.com']
"Promotional Fulfillment Services, Inc.",sales*promofill.com,(800) 815-1505,http://www.promofill.com/,"10314 Birtcher Drive, Mira Loma, CA, United States, 91752",3plfinder.com,['sales*promofill.com']
Prompt Warehousing,sales@promptwarehousing.com,(310) 639-9990,http://www.promptapparel.com/,"14020 183rd Street, La Palma, CA, United States, 90623",3plfinder.com,['sales@promptwarehousing.com']
Propak Corporation,,(479) 478-7864,http://www.propak.com/,"11555 Iberia Street, Mira Loma, CA, United States, 91752",3plfinder.com,[]
R & L Warehouse Distribution,info@warehousedistribution.com,(888) 475-9473,http://www.warehousedistribution.com/,"751 Eubanks Drive, Vacaville, CA, United States, 95688",3plfinder.com,['info@warehousedistribution.com']
R & L Warehouse Distribution,info@warehousedistribution.com,(888) 475-9473,http://www.warehousedistribution.com/,"1490 66th Street, Emeryville, CA, United States, 94608",3plfinder.com,['info@warehousedistribution.com']
R K Logistics Group,info@rklogisticsgroup.com,(800) 821-7770,http://www.rklogisticsgroup.com/,"41707 Christy Street, Fremont, CA, United States, 94538",3plfinder.com,['info@rklogisticsgroup.com']
R+L Global Logistics,,(213) 444-9054,http://rlglobal.com/global-logistics/warehousing,"303 W. Artesia Blvd., Compton, CA, United States, 90220",3plfinder.com,[]
Railex,,(888) 472-4539,http://www.railex.com/,"2121 South Browning Road, Delano, CA, United States, 93215",3plfinder.com,[]
Ramsey Xpress Trucking,info@ramseyxpress.com,(209) 460-1627,http://www.ramseyxpress.com/,"Rough and Ready Island, Bldg 618, Stockton, CA, United States, 95203",3plfinder.com,"['info@ramseyxpress.com', 'info@ramseyexpress.com']"
Regal Logistics,,(866) 300-5580,http://www.regallogistics.com/,"2201 East Cerritos Avenue, Anaheim, CA, United States, 92806",3plfinder.com,[]
Regal Logistics,,(866) 300-5580,http://www.regallogistics.com/,"1101-B Burgundy Drive, Anaheim, CA, United States, 92806",3plfinder.com,[]
"River Plate, Inc.",sales@riverplateinc.com,(818) 718-1114,http://riverplateinc.com/,"8200 Remmet Avenue, Canoga Park, CA, United States, 91304",3plfinder.com,['sales@riverplateinc.com']
Romark Logistics,,(416) 798-8070,http://www.romarklogistics.com/,"2745 Huntington Drive, Duarte, CA, United States, 91010",3plfinder.com,[]
Rush Order Inc.,sales@rushorder.com,(800) 522-5939,http://www.rushorder.com/,"6600 Silacci Way, Gilroy, CA, United States, 95020",3plfinder.com,['sales@rushorder.com']
S & S Warehousing,,(510) 352-4646,http://s-swarehousing.com/,"2976A Alvarado Street, San Leandro, CA, United States, 94577",3plfinder.com,[]
Saddle Creek Logistics Services,sales@sclogistics.com,(866) 977-6564,http://www.sclogistics.com/,"7345 Mission Gorge Road Suite E, San Diego, CA, United States, 92120",3plfinder.com,"['sales@sclogistics.com', 'driverrecruitingdepartment@sclogistics.com', 'dotdriververificationsonly@sclogistics.com']"
Saddle Creek Logistics Services,sales@sclogistics.com,(863) 668-4316,http://www.sclogistics.com/,"496 E Whitmore Ave, Bldg 4, Modesto, CA, United States, 95358",3plfinder.com,"['sales@sclogistics.com', 'driverrecruitingdepartment@sclogistics.com', 'dotdriververificationsonly@sclogistics.com']"
Salinas Valley Public Warehouse,,(831) 758-3001,http://salinasvalleypublicwarehouse.net/,"1311 Schilling Place, Salinas, CA, United States, 93901",3plfinder.com,[]
San Gabriel Valley Warehouse,,(626) 280-5702,http://sangabrielvalleywarehouse.com/,"2542 San Gabriel Blvd., Rosemead, CA, United States, 91770",3plfinder.com,[]
San Jose Distribution Services,info@prismlogistics.com,(408) 292-9100,http://www.sjdist.com/,"2055 South Seventh Street, Suite A, San Jose, CA, United States, 95112",3plfinder.com,"['info@prismlogistics.com', 'jeremy@prismlogistics.com']"
Santa Clara Warehouses,sales@yandellcompanies.com,(888) 983-5831,http://www.yandell-scw.com/Warehousing-Wine-Storage.html,"363 Industrial Court, Benicia, CA, United States, 94510",3plfinder.com,['sales@yandellcompanies.com']
Schafer Logistics,inquiries@schaferlogistics.com,(310) 835-7231,http://www.schaferlogistics.com/,"1981 East 213th Street, Carson, CA, United States, 90749",3plfinder.com,['inquiries@schaferlogistics.com']
Serec Inc.,,(626) 961-3666,http://www.serec.com/,"15351 E Stafford Street, Industry, CA, United States, 91744",3plfinder.com,[]
Ship Depot Inc,Info@shipdepot.com,(818) 531-8091,http://shipdepot.com/,"114 Grand Cypress Avenue, Palmdale, CA, United States, 93551",3plfinder.com,"['Info@shipdepot.com', 'info@shipdepot.com']"
ShipCalm,help@shipcalm.com,(760) 283-7307,http://www.shipcalm.com/,"2882 Whiptail Loop E #150, Carlsbad, CA, United States, 92010",3plfinder.com,['help@shipcalm.com']
ShipFillment,nfo@shipfillment.com,(661) 200-7744,http://www.shipfillment.com/,"27720 Ave Scott, Ste 150,, Valencia, CA, United States, 91355",3plfinder.com,['nfo@shipfillment.com']
Shipjoy,,(786) 698-5311,http://www.shipjoy.com/,"6170 S Boyle, Vernon, CA, United States, 90058",3plfinder.com,[]
Shipp Fulfillment & Logistics,,(323) 413-7731,http://shipp.ai/,"5770 South Anderson Street, Vernon, CA, United States, 90058",3plfinder.com,[]
Shipping Bros,jane@email.com,(888) 420-0552,http://www.shippingbros.com/,3603 Old Conejo Road,3plfinder.com,"['jane@email.com', 'customerservice@shippingbros.com', 'careers@shippingbros.com']"
ShippingBros,jane@email.com,(888) 420-0552,http://www.shippingbros.com/,"3595 Old Conejo Rd Unit B, Thousand Oaks, CA, United States, 91320",3plfinder.com,"['jane@email.com', 'customerservice@shippingbros.com', 'careers@shippingbros.com']"
ShippingTree,,(516) 316-8523,http://www.shippingtree.co/,"10731 Walker Street, Cypress, CA, United States, 90630",3plfinder.com,[]
Sierra Pacific Warehouse,:contact@spwg.com,(209) 572-2882,http://www.spwg.com/,"4300 Finch Road, Modesto, CA, United States, 95357",3plfinder.com,"[':contact@spwg.com', 'contact@spwg.com']"
Sierra Pacific Warehouse,:contact@spwg.com,(209) 892-6700,http://www.spwg.com/,"340 South First Street, Patterson, CA, United States, 95363",3plfinder.com,"[':contact@spwg.com', 'contact@spwg.com']"
Sierra Pacific Warehouse,:contact@spwg.com,(209) 948-0793,http://www.spwg.com/,"1320 West Weber Street, Stockton, CA, United States, 95203",3plfinder.com,"[':contact@spwg.com', 'contact@spwg.com']"
Sierra Pacific Warehouse,:contact@spwg.com,(209) 632-2599,http://www.spwg.com/,"107 South Kilroy, Turlock, CA, United States, 95380",3plfinder.com,"[':contact@spwg.com', 'contact@spwg.com']"
Smart Warehousing,sales@smartwarehousing.com,(909) 923-8787,http://www.smartwarehousing.com/,"1775 Pointe Avenue, Carson, CA, United States, 91761",3plfinder.com,"['sales@smartwarehousing.com', 'info@smartwarehousing.com']"
Sooner Logistics,,(805) 222-2030,http://www.soonerlogistics.com/,"5152 Commerce Avenue, Moorpark, CA, United States, 93021",3plfinder.com,[]
South Bay Public Warehouse,,(310) 637-1133,http://www.sbwarehouse.com/,"490 West Manville Street, Rancho Dominguez, CA, United States, 90220",3plfinder.com,[]
South Bay Public Warehouse,,(714) 521-1060,http://www.wbwarehouse.com/,"14450 Industry Circle, La Mirada, CA, United States, 90638",3plfinder.com,[]
Southern California Warehousing,sales@socal3pl.com,(714) 522-8900,http://www.socalwarehousing.com/,"16000 Heron Avenue, La Mirada, CA, United States, 90638",3plfinder.com,"['sales@socal3pl.com', 'user@domain.com']"
SP Express,,(866) 773-7363,http://www.spexpress.com/,"100 Sonwil Drive, Ontario, CA, United States, 91761",3plfinder.com,[]
St. Geoge Logistics,,(310) 764-4395,http://www.stgwarehouse.com/,"1650 South Central Avenue, Compton, CA, United States, 90220",3plfinder.com,[]
St. George Logistics,,(510) 618-1670,http://www.stgwarehouse.com/,"1500 Doolittle Drive, San Leandro, CA, United States, 94577",3plfinder.com,[]
State Center Warehouse & Cold Storage,,(559) 445-1144,,"5621 W McKenzie Avenue # D, Fresno, CA, United States, 93723",3plfinder.com,[]
States Logistics Services,sales@stateslogistics.com,(714) 521-6520,http://www.stateslogistics.com/,"5650 Dolly Avenue, Buena Park, CA, United States, 90621",3plfinder.com,"['sales@stateslogistics.com', 'issupport@stateslogistics.com', 'recruiter@stateslogistics.com']"
States Logistics Services,sales@stateslogistics.com,(714) 521-6520,http://www.stateslogistics.com/,"5590 East Francis Street, Ontario, CA, United States, 91761",3plfinder.com,"['sales@stateslogistics.com', 'issupport@stateslogistics.com', 'recruiter@stateslogistics.com']"
STG Logistics,,(909) 595-8100,http://www.stgusa.com/,"20595 Business Parkway, Walnut, CA, United States, 91789",3plfinder.com,[]
STG Logistics,,(909) 582-3068,http://www.stgusa.com/,"15996 Jurupa Avenue, Fontana, CA, United States, 92335",3plfinder.com,[]
STG Logistics,,(909) 595-8100,http://www.stgusa.com/,"1551 Lilac Avenue, Rialto, CA, United States, 92335",3plfinder.com,[]
STG Logistics,,(973) 264-4619,http://www.stgusa.com/,"14445 Alondra Boulevard, La Mirada, CA, United States, 90638",3plfinder.com,[]
STG Logistics,,(562) 293-4400,http://www.stgusa.com/,"13300 Carmenita Road, Santa Fe Springs, CA, United States, 90670",3plfinder.com,[]
Stronghold Warehouse,info@strongholdwarehouse.net,(347) 529-5121,http://www.strongholdwarehouse.net/,"407 West Rosecrans Avenue, Gardena, CA, United States, 90248",3plfinder.com,['info@strongholdwarehouse.net']
Suddath Logistics Services,,(904) 390-7183,http://www.suddathlogistics.com/,"2055 South 7th Street # B, San Jose, CA, United States, 95112",3plfinder.com,[]
Suddath Logistics Services,,(714) 880-1103,http://www.suddathlogistics.com/,"14380 Industry Circle, La Mirada, CA, United States, 90638",3plfinder.com,[]
Sumitomo Warehouse USA,hof@sumitomo-wh.com,(310) 324-9300,http://www.sumitomo-wh.com/,"19301 Pacific Gateway Drive, Torrance, CA, United States, 90502",3plfinder.com,"['hof@sumitomo-wh.com', 'nyf@sumitomo-wh.com', 'atf@sumitomo-wh.com', 'laf@sumitomo-wh.com', 'laad@sumitomo-wh.com', 'chf@sumitomo-wh.com']"
Sunset Pacific Logistics,sales@sunsetpacific.com,(909) 696-3064,http://www.sunsetpacific.com/,"13875 Norton Ave, Chino, CA, United States, 91710",3plfinder.com,['sales@sunsetpacific.com']
Tantara Transportation,info@tantara.com,(951) 727-1020,http://www.tantara.com/,"3631 Grapevine Street, Jurupa Valley, CA, United States, 91752",3plfinder.com,"['info@tantara.com', ' info@tantara.com']"
Taylored Fulfillment Services,sales@tpsservices.com​,(212) 359-9503,http://www.tayloredservices.com/,"8375 Sultana Avenue, Fontana, CA, United States, 92335",3plfinder.com,"['sales@tpsservices.com\u200b', 'sales@tpsservices.com', '7D0dprivacy@tayloredservices.com', 'privacy@tayloredservices.com', 'sales@tpservices.com']"
Taylored Fulfillment Services,sales@tpsservices.com​,(212) 359-9503,http://www.tayloredservices.com/,"1495 East Locust Street, Ontario, CA, United States, 91761",3plfinder.com,"['sales@tpsservices.com\u200b', 'sales@tpsservices.com', '7D0dprivacy@tayloredservices.com', 'privacy@tayloredservices.com', 'sales@tpservices.com']"
Taylored Fulfillment Services,sales@tpsservices.com​,(212) 359-9503,http://www.tayloredservices.com/,"14050 Norton Avenue, Chino, CA, United States, 91710",3plfinder.com,"['sales@tpsservices.com\u200b', 'sales@tpsservices.com', '7D0dprivacy@tayloredservices.com', 'privacy@tayloredservices.com', 'sales@tpservices.com']"
Taylored Fulfillment Services,sales@tpsservices.com​,(212) 359-9503,http://www.tayloredservices.com/,"13050 Norton Avenue, Chino, CA, United States, 91710",3plfinder.com,"['sales@tpsservices.com\u200b', 'sales@tpsservices.com', '7D0dprivacy@tayloredservices.com', 'privacy@tayloredservices.com', 'sales@tpservices.com']"
Terrill Transportation,,(800) 615-4723,http://www.terrilltrans.com/,"1213 Moffat Boulevard, Manteca, CA, United States, 95336",3plfinder.com,[]
The Shippers Group-Shippers Warehouse,,(707) 430-5462,http://www.shipperswarehouse.com/,"801 Chadbourne Road, Fairfield, CA, United States, 94534",3plfinder.com,[]
The Shippers Group-Shippers Warehouse,,(909) 746-4210,http://www.shipperswarehouse.com/,"181 South Larch Avenue, Rialto, CA, United States, 92376",3plfinder.com,[]
Titan Terminal & Transport,info@titanterminal.com,(323) 284-5892,http://titanterminal.com/,"4570 Ardine Street, South Gate, CA, United States, 90280",3plfinder.com,['info@titanterminal.com']
TMT Industries Riverside CA,customerservice@tmtindustries.com,(800) 225-4440,http://tmtindustries.com/,"779 Palmyrita Avenue, Riverside, CA, USA",3plfinder.com,['customerservice@tmtindustries.com']
Torqued,,(415) 767-6905,http://www.torqueddistribution.com/,"121 South Maple Avenue, Suite 4, South San Francisco, CA, United States, 94080",3plfinder.com,[]
Total Solution,sales@totalsolutionus.com,(713) 706-5742,https://www.totalsolutionus.com/,"2525 E El Presidio St, Carson, CA 90810, USA",3plfinder.com,['sales@totalsolutionus.com']
TPrime Logistics,,(909) 479-1228,http://tprimelogistics.com/,"13038 Melon Ave, Chino, CA, United States, 91710",3plfinder.com,[]
Traffic Tech Inc.,,(866) 444-9201,http://www.traffictech.com/,"1457 Glenn Curtiss Street, Carson, CA, United States, 90746",3plfinder.com,[]
Transcontinental Logistics,rholguin@transcn.com,(800) 290-4937,http://www.transcn.com/,"4755 Zinfandel Court #A, Ontario, CA, United States, 91761",3plfinder.com,"['rholguin@transcn.com', 'coacheslv@hotmail.com']"
Triways Warehouse & Distribution,,(951) 361-4840,http://www.triways.net/,"11201 Iberia Street, Suite B, Mira Loma, CA, United States, 91752",3plfinder.com,[]
TTSI,,(800) 400-3767,http://www.tts-i.com/,"18735 South Ferris Place, Rancho Dominguez, CA, United States, 90220",3plfinder.com,[]
United Cold Storage,info@envisioncold.com,(415) 822-8445,http://www.unitedcoldstorage.com/,"1600 Donner Avenue, San Francisco, CA, United States, 94124",3plfinder.com,['info@envisioncold.com']
United Facilities,,(866) 699-7271,http://www.unifac.com/,"3535 Perlman Drive, Stockton, CA, United States, 95206",3plfinder.com,[]
United Facilities,,(866) 699-7271,http://www.unifac.com/,"25451 Mountain House Parkway, Tracy, CA, United States, 95377",3plfinder.com,[]
United Facilities,,(866) 699-7271,http://www.unifac.com/,"11618 Mulberry Avenue, Fontana, CA, United States, 92337",3plfinder.com,[]
United States Cold Storage,info@uscold.com,(661) 832-2653,http://www.uscold.com/,"6501 District Boulevard, Bakersfield, CA, United States, 93313",3plfinder.com,['info@uscold.com']
United States Cold Storage,info@uscold.com,(510) 489-8300,http://www.uscold.com/,"33400 Dowe Avenue, Union City, CA, United States, 94587",3plfinder.com,['info@uscold.com']
United States Cold Storage,info@uscold.com,(559) 237-6145,http://www.uscold.com/,"2525 East North Avenue, Fresno, CA, United States, 93725",3plfinder.com,['info@uscold.com']
United States Cold Storage,info@uscold.com,(209) 835-2653,http://www.uscold.com/,"1400 N. MacArthur Drive, Tracy, CA, United States, 95376",3plfinder.com,['info@uscold.com']
United States Cold Storage,info@uscold.com,(559) 686-1110,http://www.uscold.com/,"1021 E. Walnut Avenue, Tulare, CA, United States, 93274",3plfinder.com,['info@uscold.com']
Universal Warehouse Company,,(310) 631-0800,http://www.uwc-net.com/,"2850 East Del Amo Blvd, Carson, CA, United States, 90221",3plfinder.com,[]
Vanco Distribution,,(310) 834-4322,http://www.vanco.net/,"711 E Anaheim Streeet, Wilmington, CA, United States, 90744",3plfinder.com,[]
VOC Logistics,contact@sansoxygen.com,(626) 688-0228,http://www.vocousa.com/,"301 S Doubleday Ave, Ontario, CA, United States, 91761",3plfinder.com,"['contact@sansoxygen.com', 'info@vastoceancorp.com']"
Waitex International,frankriech@waitex.com,(909) 829-9888,http://www.waitex.com/,"14605 Miller Avenue, Fontana, CA, United States, 92336",3plfinder.com,"['frankriech@waitex.com', 'rockyli@waitex.com', 'kelvin@waitex.com', 'ken@waitex.com', 'candice@waitex.com']"
Waitex International,frankriech@waitex.com,(909) 333-7288,http://www.waitex.com/,"14600 Bar Harbor Road, Fontana, CA, United States, 92336",3plfinder.com,"['frankriech@waitex.com', 'rockyli@waitex.com', 'kelvin@waitex.com', 'ken@waitex.com', 'candice@waitex.com']"
Warehouse Specialists Inc.,,(800) 999-2545,http://www.wsinc.com/,"2743 Thompson Creek Road, Pomona, CA, United States, 91667",3plfinder.com,[]
Warehouse Specialists Inc.,,(800) 999-2545,http://www.wsinc.com/,"14585 Industry Circle, La Mirada, CA, United States, 90638",3plfinder.com,[]
Weber Logistics,info@weberlogistics.com,(877) 624-2700,http://www.weberlogistics.com/,"9345 Santa Anita Avenue, Rancho Cucamonga, CA, United States, 91730",3plfinder.com,['info@weberlogistics.com']
Weber Logistics,info@weberlogistics.com,(877) 624-2700,http://www.weberlogistics.com/,"7199 Longe Street, Stockton, CA, United States, 95206",3plfinder.com,['info@weberlogistics.com']
Weber Logistics,info@weberlogistics.com,(877) 624-2700,http://www.weberlogistics.com/,"4727 Fite Court, Stockton, CA, United States, 95215",3plfinder.com,['info@weberlogistics.com']
Weber Logistics,info@weberlogistics.com,(877) 624-2700,http://www.weberlogistics.com/,"1651 California Street, Redlands, CA, United States, 92374",3plfinder.com,['info@weberlogistics.com']
Weber Logistics,info@weberlogistics.com,(877) 624-2700,http://www.weberlogistics.com/,"1560 Sierra Ridge Drive, Riverside, CA, United States, 92507",3plfinder.com,['info@weberlogistics.com']
Weber Logistics,info@weberlogistics.com,(877) 624-2700,http://www.weberlogistics.com/,"15301 Shoemaker Avenue, Norwalk, CA, United States, 90650",3plfinder.com,['info@weberlogistics.com']
Weber Logistics,info@weberlogistics.com,(323) 727-8000,http://www.weberlogistics.com/,"1366 30th Street, San Diego, CA, United States, 92154",3plfinder.com,['info@weberlogistics.com']
Weber Logistics,info@weberlogistics.com,(877) 624-2700,http://www.weberlogistics.com/,"13530 Rosecrans Avenue, Santa Fe Springs, CA, United States, 90670",3plfinder.com,['info@weberlogistics.com']
Weber Logistics,info@weberlogistics.com,(877) 624-2700,http://www.weberlogistics.com/,"13473 Santa Ana Avenue, Fontana, CA, United States, 92337",3plfinder.com,['info@weberlogistics.com']
Weber Logistics,info@weberlogistics.com,(877) 624-2700,http://www.weberlogistics.com/,"10850 Business Drive, Fontana, CA, United States, 92337",3plfinder.com,['info@weberlogistics.com']
West Coast Distribution,,(323) 588-6508,http://www.westcoastdistribution.com/,"9935 Beverly Boulevard, Pico Rivera, CA, United States, 90660",3plfinder.com,[]
West Coast Distribution,,(323) 588-6508,http://www.westcoastdistribution.com/,"3000 Tanager Avenue, Los Angeles, CA, United States, 90040",3plfinder.com,[]
West Coast Distribution,,(323) 588-6508,http://www.westcoastdistribution.com/,"2760 Fruitland Avenue, Los Angeles, CA, United States, 90058",3plfinder.com,[]
West Coast Distribution,,(323) 588-6508,http://www.westcoastdistribution.com/,"2602 East 37th Street, Vernon, CA, United States, 90058",3plfinder.com,[]
West Logistics,example@mysite.com,(800) 241-5624,http://www.brownintegratedlogistics.com/,"810 East 233rd Street, Carson, CA, United States, 90745",3plfinder.com,"['example@mysite.com', 'sales@brown-il.com']"
West Logistics,example@mysite.com,(510) 429-6802,http://www.brownintegratedlogistics.com/,"30300 Whipple Road, Union City, CA, United States, 94587",3plfinder.com,"['example@mysite.com', 'sales@brown-il.com']"
Western Regional Delivery Service,stockton@wrds.com,(310) 816-0280,http://www.wrds.com/,"1424 Raymond Avenue, Fullerton, CA, United States, 92831",3plfinder.com,['stockton@wrds.com']
Win Distribution,,(323) 221-0181,http://www.windistribution.com/,"2455 Mariondale Avenue, Los Angeles, CA, United States, 90032",3plfinder.com,[]
WMT Logistics inc.,,(650) 350-0210,http://wmtlogistics.net/,"31129 Wiegman, Hayward, CA, United States, 94544",3plfinder.com,[]
"Wolf Warehousing & Logistics, LLC",customerservice@wolfwarehousing.com,(909) 458-0935,http://wolfwarehousing.com/,"11201 Jersey Blvd. Suite 102, Rancho Cucamonga, CA, United States, 91730",3plfinder.com,"['customerservice@wolfwarehousing.com', 'info@wolfwarehousing.com']"
Workline Solutions,info@wlsol.net,(614) 867-5490,http://www.worklinesolutions.net/,"1305 W Valencia Drive, Fullerton, CA, United States, 92833",3plfinder.com,"['info@wlsol.net', 'Worklineteam@wlsol.net']"
World Distribution Services,,(757) 328-8500,http://www.worldds.net/,"1001 West Walnut Street, Rancho Dominguez, CA, United States, 90220",3plfinder.com,[]
WP FUlfillment,,(786) 707-1831,,"8122 Maie Avenue, Los Angeles, CA, United States, 90001",3plfinder.com,[]
WSI – Warehouse Specialists LLC.,,(920) 831-3700,http://www.wsinc.com/,"2743 Thompson Creek Road, Pomona, CA, United States, 91667",3plfinder.com,[]
WSI – Warehouse Specialists LLC.,,(920) 831-3700,http://www.wsinc.com/,"14585 Industry Circle, La Mirada, CA, United States, 90638",3plfinder.com,[]
WSI – Warehouse Specialists LLC.,,(920) 831-3700,http://www.wsinc.com/,"20455 Reeves Avenue, Carson, CA, United States, 90810",3plfinder.com,[]
XB Logistics,info@xbfulfillment.com,(844) 999-2525,http://xblogistics.com/,"16501 Ventura Blvd. Suite 400, Encino, CA, United States, 91436",3plfinder.com,['info@xbfulfillment.com']
